rank,rating,trainer_name,blog_url,pokemon1_name,pokemon1_item,pokemon1_nature,pokemon1_ability,pokemon1_Ttype,pokemon1_moves,pokemon1_effort,pokemon2_name,pokemon2_item,pokemon2_nature,pokemon2_ability,pokemon2_Ttype,pokemon2_moves,pokemon2_effort,pokemon3_name,pokemon3_item,pokemon3_nature,pokemon3_ability,pokemon3_Ttype,pokemon3_moves,pokemon3_effort,pokemon4_name,pokemon4_item,pokemon4_nature,pokemon4_ability,pokemon4_Ttype,pokemon4_moves,pokemon4_effort,pokemon5_name,pokemon5_item,pokemon5_nature,pokemon5_ability,pokemon5_Ttype,pokemon5_moves,pokemon5_effort,pokemon6_name,pokemon6_item,pokemon6_nature,pokemon6_ability,pokemon6_Ttype,pokemon6_moves,pokemon6_effort
1,2174,アスノヨゾラ,https://orion-poke.hatenablog.com/entry/2025/03/03/170020,ホウオウ,ゴツゴツメット,わんぱく,さいせいりょく,フェアリー,"せいなるほのお, おにび, ひかりのかべ, じこさいせい","252, 0, 236, 0, 0, 20",ラッキー,しんかのきせき,なまいき,しぜんかいふく,はがね,"ちきゅうなげ, めいそう, ステルスロック, タマゴうみ","12, 0, 252, 0, 244, 0",ヘイラッシャ,たべのこし,わんぱく,てんねん,ほのお,"じわれ, ウェーブタックル, まもる, ねむる","252, 0, 244, 0, 0, 12",グライオン,どくどくだま,ようき,ポイズンヒール,フェアリー,"じしん, どくどく, みがわり, まもる","228, 4, 68, 0, 4, 204",アーマーガア,おんみつマント,わんぱく,プレッシャー,ゴースト,"アイアンヘッド, ちょうはつ, きりばらい, はねやすめ","252, 0, 252, 0, 4, 0",アローラベトベトン,くろいヘドロ,しんちょう,どくしゅ,どく,"どくづき, はたきおとす, かげうち, まもる","252, 0, 4, 0, 252, 0"
5,2136,ビッパ,https://bippa-poke.hatenablog.com/entry/2025/03/02/150958,ミライドン,とつげきチョッキ,不明,不明,こおり,"イナズマドライブ, りゅうせいぐん, テラバースト, ボルトチェンジ","236, 0, 4, 252, 12, 4",ハッサム,おぼんのみ,不明,不明,ノーマル,"バレットパンチ, ダブルウイング, インファイト, つるぎのまい","252, 76, 68, 0, 108, 4",パオジアン,きあいのタスキ,いじっぱり,不明,ほのお,"つららおとし, せいなるつるぎ, テラバースト, ふいうち","0, 252, 4, 0, 0, 252",テツノワダチ,こだわりはちまき,不明,不明,じめん,"じしん, アイアンヘッド, アイススピナー, ワイルドボルト","12, 148, 4, 0, 124, 220",テツノカイナ,たべのこし,不明,不明,ほのお,"ドレインパンチ, サンダーダイブ, れいとうパンチ, つるぎのまい","108, 116, 252, 0, 4, 28",ウーラオス(れんげき),パンチグローブ,不明,不明,ノーマル,"すいりゅうれんだ, ドレインパンチ, アクアジェット, つるぎのまい","204, 196, 100, 0, 4, 4"
7,2128,スカーレット,https://mega-salamance.hatenablog.com/entry/2025/03/01/205656,ルナアーラ,こだわりスカーフ,ひかえめ,ファントムガード,フェアリー,"シャドーレイ, ムーンフォース, トリック, つきのひかり","212, 0, 12, 244, 0, 252",カイリュー,こだわりハチマキ,いじっぱり,マルチスケイル,ノーマル,"しんそく, げきりん, けたぐり, じしん","116, 252, 140, 0, 0, 0",パオジアン,きあいのタスキ,ようき,わざわいのつるぎ,ゴースト,"つららおとし, ふいうち, ちょうはつ, つるぎのまい","0, 252, 4, 0, 0, 252",ディンルー,とつげきチョッキ,いじっぱり,わざわいのうつわ,はがね,"じしん, カタストロフィ, ヘビーボンバー, じわれ","4, 236, 4, 0, 188, 76",キョジオーン,たべのこし,わんぱく,きよめのしお,みず,"しおづけ, まもる, みがわり, じこさいせい","252, 4, 156, 0, 52, 44",ほのおオーガポン,かまどのめん,いじっぱり,おもかげやどし,ほのお,"ツタこんぼう, ウッドホーン, がんせきふうじ, でんこうせっか","236, 204, 4, 0, 4, 60"
10,2121,ヘルメッポ,https://note.com/pokemons2/n/n054de1215fff,ディンルー,オボンのみ,わんぱく,わざわいのうつわ,みず,"じしん, まきびし, ステルスロック, ふきとばし","244, 4, 36, 0, 220, 4",カイリュー,たべのこし,わんぱく,マルチスケイル,ノーマル,"ドラゴンテール, しんそく, みがわり, はねやすめ","228, 4, 180, 0, 4, 92",ザシアン(けんのオウ),くちたけん,ようき,ふとうのけん,ノーマル,"きょじゅうざん, じゃれつく, くさわけ, つるぎのまい","172, 156, 4, 0, 12, 164",ガチグマ(カクゲツ),シルクのスカーフ,ひかえめ,しんがん,ノーマル,"ブラッドムーン, ハイパーボイス, しんくうは, つきのひかり","252, 0, 0, 84, 172, 0",サーフゴー,こだわりメガネ,ひかえめ,おうごんのからだ,ステラ,"ゴールドラッシュ, シャドーボール, １０まんボルト, トリック","212, 0, 4, 60, 4, 228",ヘイラッシャ,ゴツゴツメット,わんぱく,てんねん,フェアリー,"じわれ, あくび, まもる, ねむる","252, 0, 252, 0, 4, 0"
19,2088,キャル,https://irohasu28.hatenadiary.com/entry/2025/03/01/225727,バドレックス(くろ),きあいのタスキ,おくびょう,じんばいったい,フェアリー,"アストラルビット, サイコショック, リーフストーム, わるだくみ","0, 0, 4, 252, 0, 252",カイリュー,シルクのスカーフ,いじっぱり,マルチスケイル,ノーマル,しんそく,"228, 252, 0, 0, 0, 28",オーガポン(ほのお),かまどのめん,いじっぱり,おもかげやどし,ほのお,"ツタこんぼう, ウッドホーン, でんこうせっか, つるぎのまい","172, 252, 0, 0, 0, 84",ディンルー,オボンのみ,わんぱく,わざわいのうつわ,ほのお,"じしん, カタストロフィ, ふきとばし, ステルスロック","244, 4, 36, 0, 220, 4",ハバタクカミ,ブーストエナジー,おくびょう,こだいかっせい,はがね,"ムーンフォース, あまえる, めいそう, いたみわけ","84, 0, 252, 132, 20, 20",ウーラオス(すい),とつげきチョッキ,いじっぱり,ふかしのこぶし,フェアリー,"すいりゅうれんだ, インファイト, テラバースト, アクアジェット","188, 252, 20, 0, 4, 44"
23,2071,(CHS),https://dohidonatto.hatenablog.com/entry/2025/03/02/190540,コライドン,とつげきチョッキ,,,ほのお,"ニトロチャージ, フレアドライブ, とんぼがえり, ドレインパンチ","0, 0, 0, 0, 0, 0",ハバタクカミ,こだわりメガネ,,,フェアリー,,"0, 0, 0, 0, 0, 0",ヘイラッシャ,ゴツゴツメット,,,フェアリー,"あくび, じわれ","0, 0, 0, 0, 0, 0",ガチグマ(アカツキ),きあいのタスキ,,,ノーマル,"だいちのちから, しんくうは, ブラッドムーン","0, 0, 0, 0, 0, 0",イーユイ,ふうせん,,,ゴースト,"ちょうはつ, あくじくみ","0, 0, 0, 0, 0, 0",ハッサム,おんみつマント,,,あく,"インファイト, バレットパンチ, つるぎのまい, たたきおとす","0, 0, 0, 0, 0, 0"
27,2066,AIKU,https://zangezangezange.hatenablog.com/entry/2025/03/02/025243,メタモン,こだわりスカーフ,ふめい,かわりもの,フェアリー,"へんしん, , , ","252, 0, 0, 0, 0, 0",ランドロス,ゴツゴツメット,ふめい,いかく,みず,"とんぼがえり, ステルスロック, じしん, ちょうはつ","252, 0, 252, 0, 0, 0",クエスパトラ(しお),たべのこし,しんちょう,きよめのしお,くさ,"しおづけ, まもる, じこさいせい, みがわり","252, 0, 0, 0, 244, 12",フェローチェ(かみ),きあいのタスキ,おくびょう,エナジーリチャージ(こだいかっせい),フェアリー,"ムーンフォース, シャドーボール, ちょうはつ, いたみわけ","4, 0, 0, 252, 0, 252",ハッサム,オボンのみ,いじっぱり,テクニシャン,ノーマル,"バレットパンチ, たたきおとす, ダブルウイング, つるぎのまい","252, 76, 172, 0, 4, 4",コライドン(こる),いかさまダイス,ようき,ひひいろのこどう(エナジーリチャージ),はがね,"スケイルショット, アイアンヘッド, アクセルブレイク, ちょうはつ","0, 252, 4, 0, 0, 252"
28,2065,アップルくん,https://norunpoke.hatenablog.com/entry/2025/02/28/080352,ミライドン,とつげきチョッキ,おくびょう,ふめい,こおり,"'イナズマドライブ', 'テラバースト', 'りゅうせいぐん', 'ボルトチェンジ'","0, 0, 4, 252, 0, 252",ママンボウ,ゴツゴツメット,のんき,さいせいりょく,フェアリー,"'クイックターン', 'アクアジェット', 'ねがいごと', 'まもる'","252, 0, 252, 0, 132, 0",ウーラオス,パンチグローブ,いじっぱり,ふめい,ノーマル,"'すいりゅうれんだ', 'ドレインパンチ', 'れいとうパンチ', 'アクアジェット'","76, 228, 0, 0, 204, 0",ミミッキュ,いのちのたま,いじっぱり,ふめい,ステラ,"'じゃれつく', 'かげうち', 'たえる', 'のろい'","36, 236, 100, 0, 4, 132",メタモン,こだわりスカーフ,ふめい,ふめい,フェアリー,'ふめい',"252, 0, 0, 0, 0, 252",テツノワダチ,こだわりはちまき,ようき,ふめい,じめん,"'じしん', 'アイアンヘッド', 'はたきおとす', 'アイススピナー'","60, 196, 4, 0, 84, 164"
30,2064,(CHS),https://eff4dckeqm1cwsf.hatenablog.com/entry/2025/03/02/111422,ザシアン,くちたけん,ようき,ふとうのけん,ノーマル,"きょじゅうざん, インファイト, でんこうせっか, つるぎのまい","172, 156, 4, 0, 12, 164",カバルドン,オボンのみ,しんちょう,すなおこし,ほのお,"じしん, あくび, ステルスロック, ふきとばし","252, 0, 4, 0, 252, 0",カイリュー,こだわりハチマキ,いじっぱり,マルチスケイル,ひこう,"げきりん, じしん, しんそく, テラバースト","68, 252, 0, 0, 0, 188",イーユイ,こだわりスカーフ,おくびょう,わざわいのたま,くさ,"オーバーヒート, かえんほうしゃ, あくのはどう, テラバースト","4, 0, 0, 252, 0, 252",ハバタクカミ,こだわりメガネ,おくびょう,こだいかつせい,じめん,"ムーンフォース, シャドーボール, テラバースト, ほろびのうた","4, 0, 0, 252, 0, 252",マスカーニャ,きあいのタスキ,いじっぱり,しんりょく,ゴースト,"トリックフラワー, はたきおとす, ふいうち, トリプルアクセル","0, 252, 0, 0, 4, 252"
32,2061,ギルガルド,https://note.com/famous_crocus111/n/n203e3fd967ac,ディンルー,たべのこし,しんちょう,わざわいのうつわ,みず,"カタストロフィ, ステルスロック, まきびし, ふきとばし","212, 0, 52, 0, 244, 0",カイリュー,ゴツゴツメット,いじっぱり,マルチスケイル,ノーマル,"しんそく, じしん, ドラゴンテール, はねやすめ","244, 204, 44, 0, 12, 4",ザシアン,くちたけん,いじっぱり,ふとうのけん,ノーマル,"きょじゅうざん, じゃれつく, でんこうせっか, つるぎのまい","188, 252, 4, 0, 4, 60",オーガポン,かまどのめん,いじっぱり,おもかげやどし,ほのお,"ツタこんぼう, ウッドホーン, つるぎのまい, アンコール","236, 244, 4, 0, 4, 20",ハバタクカミ,ジャポのみ,おくびょう,こだいかっせい,どく,"ムーンフォース, ちょうはつ, めいそう, いたみわけ","4, 0, 212, 36, 4, 252",ウーラオス,きあいのタスキ,いじっぱり,ふかしのこぶし,みず,"すいりゅうれんだ, インファイト, アクアジェット, カウンター","0, 252, 20, 0, 0, 236"
33,2060,スカーレット,https://densonrainy.hatenablog.com/entry/2025/03/02/194500,ミライドン,エレキシード,ひかえめ,ハドロンエンジン,みず,"イナズマドライブ, りゅうのはどう, テラバースト, こうそくいどう","124, 0, 12, 252, 4, 116",テツノワダチ,ブーストエナジー,ようき,クォークチャージ,ゴースト,"じならし, ステルスロック, がむしゃら, こうそくスピン","204, 4, 84, 0, 4, 212",パオジアン,きあいのタスキ,いじっぱり,わざわいのつるぎ,でんき,"つららおとし, テラバースト, ふいうち, つるぎのまい","0, 252, 4, 0, 0, 252",ハッサム,オボンのみ,いじっぱり,テクニシャン,ノーマル,"はたきおとす, インファイト, バレットパンチ, つるぎのまい","244, 36, 116, 0, 100, 12",カイリュー,いかさまダイス,いじっぱり,せいしんりょく,はがね,"スケイルショット, アイアンヘッド, アンコール, りゅうのまい","4, 252, 0, 0, 0, 252",ミミッキュ,イバンのみ,おくびょう,ばけのかわ,ゴースト,"のろい, みがわり, みちづれ, いたみわけ","4, 0, 252, 0, 0, 252"
37,2053,ちゃこすけ,https://yossysan.hateblo.jp/entry/2025/03/01/142134,ドーブル,きあいのタスキ,おくびょう,ムラッけ,みず,"キノコのほうし, ねをはる, ちいさくなる, バトンタッチ","0, 0, 252, 0, 0, 252",テラパゴス,たべのこし,おくびょう,テラスチェンジ,ステラ,"みがわり, めいそう, テラクラスター, ほえる","44, 0, 0, 212, 0, 252",ハバタクカミ,ブーストエナジー,おくびょう,こだいかっせい,フェアリー,"ムーンフォース, でんじは, こごえるかぜ, ちょうはつ","0, 0, 0, 252, 0, 252",サーフゴー,ひかりのこな,おくびょう,おうごんのからだ,みず,"ラスターカノン, みがわり, わるだくみ, じこさいせい","244, 0, 4, 4, 4, 252",アーマーガア,おんみつマント,しんちょう,プレッシャー,あく,"つけあがる, ビルドアップ, ちょうはつ, はねやすめ","0, 0, 252, 0, 252, 0",エルフーン,ゴツゴツメット,ずぶとい,いたずらごころ,はがね,"ムーンフォース, ちょうはつ, おいかぜ, グラスフィールド","252, 0, 252, 0, 0, 0"
39,2053,ローライト,https://note.com/a_a391/n/n10445a598455,ルナアーラ,こだわりスカーフ,ひかえめ,ファントムガード,フェアリー,"シャドーレイ, ムーンフォース, つきのひかり, トリック","4, 0, 12, 236, 4, 252",ディンルー,オボンのみ,わんぱく,わざわいのうつわ,どく,"ふきとばし, ステルスロック, まきびし, カタストロフィ","244, 0, 12, 0, 252, 0",ドヒドイデ,ゴツゴツメット,わんぱく,さいせいりょく,フェアリー,"じこさいせい, どくどく, くろいきり, アクアブレイク","252, 0, 124, 0, 132, 0",パオジアン,きあいのタスキ,いじっぱり,わざわいのつるぎ,ステラ,"つららおとし, つるぎのまい, ふいうち, こおりのつぶて","0, 252, 4, 0, 0, 252",ハバタクカミ,ブーストエナジー,おくびょう,こだいかっせい,フェアリー,"ムーンフォース, ドレインキッス, ちょうはつ, めいそう","228, 0, 156, 116, 4, 4",カイリュー,あつぞこブーツ,いじっぱり,マルチスケイル,ノーマル,"しんそく, じしん, ドラゴンテール, はねやすめ","244, 252, 4, 0, 4, 4"
41,2051,PH,https://phpoke.hatenablog.com/entry/2025/03/03/121521,クロバドレックス,こだわりスカーフ,おくびょう,ふめい,フェアリー,"アストラルビット, サイコキネシス, おにび, トリック","124, 0, 12, 228, 4, 140",ディンルー,たべのこし,わんぱく,ふめい,はがね,"じしん, カタストロフィ, ステルスロック, まもる","212, 4, 36, 0, 252, 4",カイリュー,ゴツゴツメット,いじっぱり,ふめい,ノーマル,"しんそく, じしん, アンコール, はねやすめ","244, 252, 12, 0, 0, 0",ウーラオス(れんげき),パンチグローブ,いじっぱり,ふめい,ノーマル,"すいりゅうれんだ, ドレインパンチ, アクアジェット, れいとうパンチ","60, 252, 188, 0, 4, 4",キラフロル,パワフルハーブ,おくびょう,ふめい,くさ,"メテオビーム, パワージェム, アシッドボム, エナジーボール","132, 0, 4, 252, 4, 116",カマドオーガポン,かまどのめん,いじっぱり,ふめい,ほのお,"ツタこんぼう, ウッドホーン, はたきおとす, でんこうせっか","252, 156, 36, 0, 44, 20"
43,2050,アップルパイ,https://yama1610.hatenadiary.com/entry/2025/03/02/114558,カイオーガ,こだわりスカーフ,おくびょう,あめふらし,みず,"しおふき, れいとうビーム, かみなり, なみのり","20, 0, 0, 252, 0, 236",パオジアン,こだわりハチマキ,いじっぱり,わざわいのつるぎ,あく,"つららおとし, かみくだく, こおりのつぶて, ふいうち","0, 252, 4, 0, 0, 252",ゴリランダー,とつげきチョッキ,いじっぱり,グラスメイカー,あく,"ドラムアタック, たたきおとす, とんぼがえり, グラススライダー","140, 116, 0, 0, 242, 12",ランドロス(れいじゅう),ゴツゴツメット,わんぱく,いかく,みず,"じしん, とんぼがえり, ちょうはつ, ステルスロック","252, 4, 252, 0, 0, 0",ハバタクカミ,きあいのタスキ,おくびょう,こだいかっせい,ステラ,"ムーンフォース, シャドーボール, ほろびのうた, まもる","4, 0, 0, 252, 0, 252",テツノカイナ,オボンのみ,のんき,クォークチャージ,みず,"サンダーダイブ, ドレインパンチ, れいとうパンチ, ボルトチェンジ","252, 4, 252, 0, 0, 0"
45,2049,ヴェンデッタ,https://ukeruichigo.hatenablog.com/entry/2025/03/02/001300,パオジアン,いのちのたま,ふめい,ふめい,こおり,"つららおとし, ふいうち, こおりのつぶて, けんのまい","0, 252, 180, 0, 0, 76",ディンルー,オボンのみ,ふめい,ふめい,はがね,"じしん, ステルスロック, まきびし, ふきとばし","244, 0, 0, 0, 244, 20",ムゲンダイナ,たべのこし,ふめい,ふめい,フェアリー,"じこさいせい, コスモパワー, ドラゴンテール, ヘドロばくだん","252, 0, 84, 4, 148, 20",ヘイラッシャ,ゴツゴツメット,ふめい,ふめい,フェアリー,"ねむる, あくび, ゆきなだれ, じしん","252, 0, 252, 0, 4, 0",メタモン,こだわりスカーフ,ふめい,ふめい,フェアリー,へんしん,"252, 0, 4, 0, 0, 252",アーマーガア,おんみつマント,ふめい,ふめい（隠密マントとアイテムがあるが、特性情報が不足）,ノーマル,"はねやすめ, てっぺき, ちょうはつ, アイアンヘッド","252, 0, 36, 0, 220, 0"
47,2049,スカーレット,https://m14zz.hatenablog.com/entry/2025/03/02/125523,ザシアン (けんの おう),くちたけん,いじっぱり,ふとうのけん,みず,"でんこうせっか, きょじゅうざん, じゃれつく, テラバースト","204, 236, 4, 0, 4, 60",カイリュー,こだわりハチマキ,いじっぱり,マルチスケイル,ノーマル,"げきりん, じしん, けたぐり, しんそく","4, 252, 0, 0, 0, 252",ガチグマ (カクゲツ),とつげきチョッキ,ひかえめ,しんがん,ノーマル,"ブラッドムーン, ハイパーボイス, だいちのちから, しんくうは","148, 0, 4, 196, 148, 12",イーユイ,こだわりスカーフ,ひかえめ,わざわいのたま,くさ,"オーバーヒート, かえんほうしゃ, あくのはどう, テラバースト","4, 0, 0, 252, 0, 252",パオジアン,きあいのタスキ,いじっぱり,わざわいのつるぎ,あく,"つららおとし, かみくだく, ふいうち, ぜったいれいど","0, 252, 4, 0, 0, 252",キョジオーン,たべのこし,わんぱく,きよめのしお,ほのお,"しおづけ, ボディプレス, てっぺき, じこさいせい","252, 0, 236, 0, 0, 20"
49,2048,(CHT),https://poke-amane98.hatenablog.com/entry/2025/03/02/132846,バドレックス(くろ),きあいのタスキ,ふめい,ふめい,くさ,"わるだくみ, アンコール, ギガドレイン, ふめい","252, 0, 4, 252, 0, 0",ウーラオス(みず),こだわりハチマキ,ふめい,ふめい,みず,"すいりゅうれんだ, とんぼがえり, インファイト, ふめい","-1, -1, -1, -1, -1, -1",カイリュー,いかさまダイス,ふめい,ふゆう,ノーマル,"ふめい, ふめい, ふめい, ふめい","-1, -1, -1, -1, -1, -1",パオジアン,こわもてプレート,ふめい,ふめい,ほのお,"くだく, こおりばしらおとし, ふめい, ふめい","-1, -1, -1, -1, -1, -1",ラグラージ,オボンのみ,ふめい,ふめい,はがね,"はたきおとす, じならし, クイックターン, ステルスロック","-1, -1, -1, -1, -1, -1",ハバタクカミ,ブーストエナジー,ふめい,ふめい,でんき,"ふめい, ふめい, ふめい, ふめい","-1, -1, -1, -1, -1, -1"
50,2046,バイオレット,https://claris-bradbury.hatenablog.com/entry/2025/03/01/%E3%80%90SV_S27%E6%9C%80%E7%B5%8250%E4%BD%8D%E3%80%91%E9%80%86%E3%81%95%E3%82%A2%E3%83%89%E3%83%A9%E3%83%BC%E3%81%AE%E8%AA%A4%E8%AC%AC%E6%8E%A8%E7%90%86,バドレックス(くろ),たべのこし,おくびょう,ふめい,かくとう,"アストラルビット, テラバースト, まもる, みがわり","140, 0, 84, 84, 12, 188",グライオン,きあいのタスキ,ようき,ふめい,あく,"たたきおとす, どくびし, ステルスロック, ちょうはつ","148, 132, 4, 0, 4, 220",カイリュー,ゴツゴツメット,いじっぱり,マルチスケイル,ノーマル,"しんそく, じしん, ドラゴンテール, はねやすめ","244, 124, 36, 0, 100, 4",ママンボウ,オボンのみ,おだやか,ふめい,よう,"みがわり, めいそう, バトン, しんぴのまもり","124, 0, 132, 0, 252, 0",オーガポン(ほのお),ふめい,いじっぱり,ふめい,ほのお,"つたこんぼう, ウッドホーン, つるぎのまい, がんせきふうじ","156, 156, 156, 0, 4, 36",ハッサム,いのちのたま,いじっぱり,ふめい,じめん,"バレットパンチ, テラバースト, つるぎのまい, ダブルウイング","188, 252, 52, 0, 4, 12"
53,2045,ユウナギ,https://mirai-minyato.blog.jp/archives/94829415.html,ミライドン,エレキシード,おくびょう,ハドロンエンジン,くさ,"イナズマドライブ, りゅうのはどう, テラバースト, めいそう","100, 0, 12, 252, 4, 140",キョジオーン,たべのこし,わんぱく,きよめのしお,くさ,"しおづけ, じこさいせい, まもる, みがわり","252, 0, 0, 0, 244, 12",ミミッキュ,こうかくレンズ,ようき,ばけのかわ,フェアリー,"じゃれつく, かげうち, おにび, のろい","36, 252, 12, 0, 4, 204",ランドロス(れいじゅう),とつげきチョッキ,いじっぱり,いかく,ノーマル,"じしん, とんぼがえり, がんせきふうじ, じわれ","244, 252, 12, 0, 0, 0",オーガポン,かまどのめん,いじっぱり,かたやぶり(もかげやどし),くさ,"ツタこんぼう, ウッドホーン, でんこうせっか, つるぎのまい","236, 236, 4, 0, 4, 28",ウーラオス(れんげき),パンチグローブ,いじっぱり,ふかしのこぶし,はがね,"すいりゅうれんだ, ドレインパンチ, アクアジェット, つるぎのまい","108, 236, 164, 0, 0, 0"
55,2045,なつめ,https://tagerau.hatenablog.com/entry/2025/03/01/141244,ザシアン,くちたけん,ようき,ふとうのけん,みず,"きょじゅうざん, じゃれつく, つるぎのまい, テラバースト","172, 156, 4, 0, 12, 164",カイリュー,こだわりハチマキ,いじっぱり,マルチスケイル,ノーマル,"しんそく, げきりん, じしん, からげんき","4, 252, 0, 0, 0, 252",フィアリーしんかけい,ジャポのみ,おくびょう,こだいかっせい,ノーマル,"ムーンフォース, たたりめ, でんじは, いたみわけ","4, 0, 252, 0, 0, 252",パオジアン,きあいのタスキ,ようき,わざわいのつるぎ,ゴースト,"つららおとし, せいけん, ぜったいれいど, ふいうち","0, 252, 4, 0, 0, 252",ブリジュラス,おぼんのみ,ずぶとい,じきゅうりょく,ひこう,"ラスターカノン, ボディプレス, ステルスロック, ほえる","252, 0, 252, 0, 4, 0",ガチグマ,とつげきチョッキ,ひかえめ,しんがん,ノーマル,"ブレイジングブラスト, だいちのちから, しんくうは, ハイパーボイス","36, 0, 4, 252, 188, 28"
59,2044,バイオレット,https://rei-poke0728new.hatenablog.com/entry/2025/02/24/231132,ミライドン,こだわりメガネ,おくびょう,ふめい,フェアリー,"イナズマドライブ, ボルトチェンジ, りゅうせいぐん, マジカルシャイン","108, 0, 4, 132, 12, 252",ウーラオス(みず),パンチグローブ,いじっぱり,ふめい,ノーマル,"すいりゅうれんだ, アクアジェット, ドレインパンチ, れいとうパンチ","12, 236, 212, 0, 4, 44",テツノワダチ,こだわりハチマキ,ようき,ふめい,ひこう,"じしん, アイアンヘッド, アイススピナー, テラバースト","60, 252, 4, 0, 4, 188",オーガポン(ほのお),かまどのめん,いじっぱり,ふめい,ほのお,"つたこんぼう, ウッドホーン, カウンター, ニードルガード","252, 12, 220, 0, 4, 20",ハバタクカミ,きあいのタスキ,おくびょう,ふめい,じめん,"ムーンフォース, こごえるかぜ, テラバースト, ちょうはつ","4, 0, 0, 252, 0, 252",メタモン,こだわりスカーフ,なまいき,ふめい,ノーマル,"へんしん, , , ","252, 0, 4, 0, 252, 0"
60,2043,AKVきのこ,https://koabouhosinoityarabu8888.hateblo.jp/entry/2025/03/02/104928,バドレックス(くろうま),こだわりスカーフ,おくびょう,じんばいったい,フェアリー,"アストラルビット, サイコキネシス, トリック, おにび","140, 0, 12, 196, 4, 156",バドレックス(くろうま),きあいのタスキ,おくびょう,じんばいったい,ステラ,"アストラルビット, サイコショック, くさむすび, アンコール","0, 0, 4, 252, 0, 252",ディンルー,オボンのみ,わんぱく,わざわいのうつわ,はがね,"じしん, まきびし, ステルスロック, ふきとばし","244, 4, 28, 0, 212, 20",カイリュー,ゴツゴツメット,いじっぱり,マルチスケイル,ノーマル,"しんそく, じしん, りゅうのまい, はねやすめ","244, 236, 4, 0, 4, 20",ウーラオス(れんげき),こだわりハチマキ,いじっぱり,ふかしのこぶし,みず,"すいりゅうれんだ, インファイト, アイススピナー, アクアジェット","60, 236, 180, 0, 4, 28",オーガポン(ほのお),かまどのめん,いじっぱり,かたやぶり,ほのお,"ツタこんぼう, じゃれつく, ニードルガード, こうごうせい","252, 12, 220, 0, 4, 20"
63,2042,ヴァイオ,https://teketeke007.hatenablog.com/entry/2025/03/01/183123,カイオーガ,ジャポの実,のんき,あめふらし,くさ,"しおふき, なみのり, かみなり, れいとうビーム","252, 0, 220, 4, 28, 0",ウーラオス(れんげき),きあいのタスキ,いじっぱり,ふかしのこぶし,ステラ,"すいりゅうれんだ, インファイト, アクアジェット, アイススピナー","0, 252, 4, 0, 0, 252",パオジアン,いのちのたま,いじっぱり,わざわいのつるぎ,ステラ,"こおりのつらら, こおりのおだんご, ふいうち, つるぎのまい","0, 252, 4, 0, 0, 252",ハバタクカミ,ブーストエナジー,ずぶとい,こだいかっせい,どく,"ムーンフォース, マジカルフレイム, めいそう, いたみわけ","228, 0, 244, 4, 4, 28",カイリュー,こだわりハチマキ,いじっぱり,マルチスケイル,ノーマル,"げきりん, しんそく, からげんき, じしん","148, 252, 0, 0, 0, 108",ディンルー,とつげきチョッキ,いじっぱり,わざわいのうつわ,はがね,"じしん, カタストロフィ, しっぺがえし, じわれ","68, 188, 0, 0, 252, 0"
69,2040,くろっきー,https://paov8i5qwu0dwvn.hatenablog.com/entry/2025/03/01/154453,くろバドレックス,オボンのみ,ひかえめ,不明,フェアリー,"アストラルビット, ドレインキッス, あくだくみ, こうそくいどう","172, 0, 252, 60, 4, 20",オーガポン,かまどのめん,いじっぱり,不明,ほのお,"ツタこんぼう, ウッドホーン, こうごうせい, つるぎのまい","252, 76, 116, 0, 4, 60",ハバタクカミ,ブーストエナジー,おくびょう,不明,フェアリー,"ムーンフォース, いたみわけ, めいそう, ちょうはつ","164, 0, 148, 132, 4, 60",ブリジュラス,イバンのみ,ひかえめ,不明,ドラゴン,"てっていこうせん, りゅうせいぐん, ステルスロック, メタルバースト","0, 0, 0, 252, 4, 252",オーロンゲ,ひかりのねんど,しんちょう,いたずらごころ,ほのお,"ソウルクラッシュ, リフレクター, ひかりのかべ, でんじは","252, 4, 212, 0, 36, 4",ウーラオス(いちげき),きあいのタスキ,いじっぱり,不明,みず,"すいりゅうれんだ, インファイト, アイススピナー, アクアジェット","0, 252, 132, 0, 0, 0"
71,2039,sh,https://shihapokeblog.hatenadiary.jp/entry/2025/03/01/204754,ミライドン,とつげきチョッキ,ひかえめ,ハドロンエンジン,フェアリー,"'イナズマドライブ','りゅうせいぐん','ボルトチェンジ','マジカルシャイン'","236, 0, 4, 244, 4, 20",ヘイラッシャ,たべのこし,わんぱく,てんねん,フェアリー,"'ウェーブタックル','ゆきなだれ','じしん','まもる'","252, 4, 252, 0, 0, 0",テツノワダチ,こだわりハチマキ,ようき,クォークチャージ,ステラ,"'じしん','アイアンヘッド','はたきおとす','アイススピナー'","4, 212, 4, 0, 132, 156",カイリュー,あつぞこブーツ,いじっぱり,マルチスケイル,ノーマル,"'しんそく','ドラゴンクロー','アンコール','はねやすめ'","244, 252, 4, 0, 4, 4",オーガポン,かまどのめん,いじっぱり,おもかげやどし,ほのお,"'ツタこんぼう','ウッドホーン','はなきおとす','つるぎのまい'","236, 236, 4, 0, 4, 28",オーロンゲ,こうこうのしっぽ,しんちょう,いたずらごころ,ゴースト,"'ソウルクラッシュ','イカサマ','トリック','ふいうち'","244, 4, 60, 0, 196, 4"
81,2035,あらたま,https://note.com/odayakadeareyo2/n/na5c26ac5da93,ピクシー,いのちのたま,ずぶとい,マジックガード,ひこう,"ムーンフォース, みらいよち, めいそう, つきのひかり","252, 0, 252, 0, 0, 4",ハピナス,どくばり,おだやか,しぜんかいふく,あか,"たまごうみ, なげつける, ほうしゃ, めいそう","36, 0, 252, 0, 220, 0",ヘイラッシャ,ざんぱん,わんぱく,てんねん,くさ,"じわれ, ウェブタ, まもる, ねむる","252, 0, 236, 0, 0, 20",パオジアン,タスキ,ようき,わざわいのつるぎ,ゴースト,"ぜったいれいど, つららおとし, こおりのつぶて, せいけん","0, 252, 4, 0, 0, 252",ディンルー,チョッキ,いじっぱり,わざわいのうつわ,はがね,"技情報不明, 技情報不明, 技情報不明, 技情報不明","4, 196, 4, 0, 252, 68",ルギア,スカーフ,ひかえめ,マルチスケイル,ひこう,"エアロブラスト, れいとうビーム, トリック, さいせい","0, 0, 100, 252, 0, 156"
87,2034,(CHT),https://kagemiya3.hatenablog.com/entry/2025/03/01/232523,ミライドン,こだわりメガネ,おくびょう,ハドロンエンジン,フェアリー,"なまライブ, りゅうせい, ボルチェン, マジシャ","0, 0, 4, 252, 0, 252",オーロンゲ,こうごうのしっぽ,しんちょう,いたずらごころ,ほのお,"ソルクラ, イカサマ, でんじは, トリック","252, 0, 52, 0, 204, 0",ウーラオス,こだわりハチマキ,いじっぱり,ふかしのこぶし,みず,"すいりゅう, インファ, アクジェ, とんぼ","68, 236, 164, 0, 4, 36",ランドロス,チョッキ,なまいき,いかく,ほのお,"じしん, がんせきふうじ, とんぼ, じわれ","252, 4, 0, 0, 252, 0",キョジオーン,たべのこし,わんぱく,きよめのしお,ほのお,"しおづけ, ボディプレ, てっぺき, さいせい","252, 0, 252, 0, 0, 4",ディンルー,おぼんのみ,わんぱく,わざわいのうつわ,どく,"カタストロフィ, ステルスロック, まきびし, ふきとばし","212, 0, 44, 0, 252, 0"
91,2033,(ENG),https://aosanfn2525.hatenablog.com/entry/2025/03/04/210211,ルギア,たべのこし,ずぶとい,マルチスケイル,フェアリー,"じこさいせい, みがわり, ふきとばし, サイコノイズ","236, 0, 204, 0, 0, 68",ヒスイハリーセン,しんかのかがやき,ずぶとい,いかく,ノーマル,"どくびし, まきびし, ちょうはつ, いたみわけ","244, 0, 52, 4, 204, 4",ドヒドイデ,たべのこし,ずぶとい,さいせいりょく,フェアリー,"じこさいせい, どくびし, どくどく, くろいきり","252, 0, 220, 0, 36, 0",ディンルー,オボンのみ,しんちょう,わざわいのうつわ,はがね,"じしん, ヘビーボンバー, ステルスロック, まきびし","244, 0, 0, 0, 212, 52",ウーラオス (みず),こだわりスカーフ,いじっぱり,ふかしのけん,みず,"すいりゅうれんだ, インファイト, アクアジェット, とんぼがえり","0, 252, 4, 0, 0, 252",メタモン,きあいのタスキ,なまいき,かわりもの,ノーマル,へんしん,"252, 0, 0, 0, 252, 0"
92,2032,yu,https://yu-0129.hatenablog.jp/entry/2025/03/03/030609,カイオーガ,こだわりスカーフ,おくびょう,あめふらし,みず,"しおふき, なみのり, れいとうビーム, かみなり","4, 0, 0, 252, 0, 252",ブリジュラス,たべのこし,ずぶとい,じきゅうりょく,フェアリー,"ラスターカノン, エレクトロビーム, ボディプレス, まもる","252, 0, 252, 0, 4, 0",ドオー,くろいヘドロ,しんちょう,ちょすい,どく,"じしん, どくびし, まもる, じこさいせい","252, 0, 4, 0, 252, 0",メタモン,きあいのタスキ,なし,かわりもの,ノーマル,なし,"252, 0, 0, 0, 0, 0",ウーラオス(みず),こだわりハチマキ,いじっぱり,ふかしのこぶし,みず,"すいりゅうれんだ, インファイト, アクアジェット, とんぼがえり","252, 252, 0, 0, 0, 4",ランドロス(れいじゅう),オボンのみ,わんぱく,いかく,ひこう,"じしん, がんせきふうじ, テラバースト, とんぼがえり","252, 4, 252, 0, 0, 0"
93,2032,アイギス,https://j99hf.hatenablog.jp/entry/2025/03/03/002239,ザマゼンタ,くちたたて,わんぱく,ふくつのたて,かくとう,"ボディプレス, ヘビーボンバー, こうそくいどう, てっぺき","188, 0, 252, 0, 0, 68",ハバタクカミ,ブーストエナジー,おくびょう,こだいかっせい,ようかい,"ドレインキッス, シャドーボール, めいそう, みがわり","228, 0, 156, 116, 4, 4",カイリュー,こだわりはちまき,ゆうかん,マルチスケイル,ノーマル,"しんそく, つばめがえし, じしん, けたぐり","244, 236, 4, 0, 52, 0",ガチグマ,シルクのスカーフ,ひかえめ,しんがん,ノーマル,"ブラッドムーン, ハイパーボイス, めいそう, つきのひかり","252, 0, 4, 196, 44, 12",ディンルー,メンタルハーブ,わんぱく,わざわいのうつわ,みず,"じしん, ステルスロック, まきびし, ふきとばし","244, 0, 176, 0, 84, 0",キョジオーン,たべのこし,しんちょう,きよめのしお,くさ,"しおづけ, まもる, みがわり, じこさいせい","252, 0, 20, 0, 236, 0"
97,2031,バンブー,https://bamboopoke.hatenablog.com/entry/2025/02/26/131650,バドレックス(くろうま),こだわりスカーフ,おくびょう,じんばいったい,ゴースト,"アストラルビット, サイコキネシス, おにび, トリック","76, 0, 4, 252, 4, 172",カイリュー,シルクのスカーフ,いじっぱり,マルチスケイル,ノーマル,"しんそく, じしん, りゅうのまい, はねやすめ","228, 252, 4, 0, 4, 20",ウーラオス(れんげき),きあいのタスキ,いじっぱり,ふかしのこぶし,みず,"すいりゅうれんだ, インファイト, アクアジェット, アイススピナー","0, 252, 4, 0, 0, 252",チオンジェン,たべのこし,おだやか,わざわいのおふだ,フェアリー,"ギガドレイン, カタストロフィ, やどりぎのタネ, まもる","252, 0, 124, 0, 132, 0",ランドロス(れいじゅう),ゴツゴツメット,わんぱく,いかく,みず,"じしん, とんぼがえり, ちょうはつ, ステルスロック","252, 0, 252, 0, 4, 0",キラフロル,パワフルハーブ,ひかえめ,どくげしょう,いわ,"メテオビーム, パワージェム, だいちのちから, アシッドボム","4, 0, 0, 252, 0, 252"
101,2030,たみにゃす,https://tamiminzemi.hatenablog.com/entry/2025/03/01/153051,くろバドレックス,こだわりスカーフ,不明,不明,不明,"アストラルビット, 不明, 不明, 不明","-1, -1, -1, -1, -1, -1",カイリュー,不明,不明,ふしぎなうろこ,ノーマル,"しんそく, けたぐり, アイアンヘッド, 不明","-1, -1, -1, -1, -1, -1",ディンルー,たべのこし,不明,不明,はがね,"ふきとばし, じしん, 不明, 不明","-1, -1, -1, -1, -1, -1",ウーラオス(みず),不明,不明,不明,どく,"アイススピナー, けたぐり, 不明, 不明","-1, -1, -1, -1, -1, -1",オーガポン(ほのお),不明,不明,不明,不明,"不明, 不明, 不明, 不明","-1, -1, -1, -1, -1, -1",パオジアン,いのちのたま,不明,不明,不明,"つるぎのまい, 不明, 不明, 不明","-1, -1, -1, -1, -1, -1"
105,2022,U,https://flatpoke2023.hatenadiary.com/entry/2025/03/01/102028,バドレックス(くろうまのすがた),きあいのタスキ,おくびょう,じんばいったい,ステラ,"アストラルビット, サイコショック, くさむすび, アンコール","4, 0, 0, 252, 0, 252",テツノワダチ,ブーストエナジー,ようき,クォークチャージ,ノーマル,"じしん, はたきおとす, がむしゃら, ステルスロック","188, 84, 4, 0, 12, 220",ゴリランダー,グラスシード,いじっぱり,グラスメイカー,ほのお,"グラススライダー, アクロバット, 10まんばりき, つるぎのまい","140, 116, 252, 0, 0, 0",カイリュー,いかさまダイス,いじっぱり,マルチスケイル,じめん,"スケイルショット, じしん, しんそく, りゅうのまい","132, 252, 0, 0, 0, 124",オオニューラ,ノーマルジュエル,いじっぱり,かるわざ,ひこう,"アクロバット, インファイト, ちょうはつ, ねこだまし","44, 252, 0, 0, 0, 212",キノガッサ,どくどくだま,わんぱく,ポイズンヒール,ノーマル,"からげんき, キノコのほうし, みがわり, やどりぎのタネ","204, 4, 76, 0, 4, 220"
108,2020,(CHT),https://note.com/jasmine2015/n/n19b0a9529389,バドレックス(こくばじょう),きあいのタスキ,おくびょう,じんばいったい,かくとう,"アストラルビット, テラバースト, アンコール, わるだくみ","4, 0, 0, 252, 0, 252",カイリュー,いかさまダイス,いじっぱり,マルチスケイル,ノーマル,"しんそく, スケイルショット, じしん, りゅうのまい","4, 252, 0, 0, 0, 252",ディンルー,オボンのみ,わんぱく,わざわいのうつわ,みず,"カタストロフィ, ステルスロック, まきびし, ふきとばし","244, 0, 116, 0, 148, 0",パオジアン,くろいメガネ,いじっぱり,わざわいのつるぎ,ほのお,"かみくだく, こおりのつぶて, つるぎのまい, ふいうち","28, 252, 164, 0, 12, 52",ハバタクカミ,ブーストエナジー,おくびょう,こだいかっせい,ノーマル,"ムーンフォース, あまえる, めいそう, いたみわけ","100, 0, 252, 20, 4, 132",ウーラオス(れんげき),パンチグローブ,いじっぱり,ふかしのこぶし,みず,"すいりゅうれんだ, ドレインパンチ, れいとうパンチ, アクアジェット","156, 236, 100, 0, 4, 12"
112,2015,まりるり,https://munouyama.hatenablog.com/entry/2025/03/01/182419,バドレックス(くろ),きあいのタスキ,さいそく,ふめい,くさ,"アストラルビット, まもる, アンコール, ふめい","-1, -1, -1, -1, -1, -1",ブリジュラス,ゴツゴツメット,ふめい,じきゅうりょく,ほのお,"りゅうせいぐん, ステルスロック, ふめい, ふめい","-1, -1, -1, -1, -1, -1",カイリュー,ふめい,ふめい,ふめい,ふめい,"スケイルショット, しんそく, ふめい, ふめい","-1, 0, 4, -1, -1, -1",ウーラオス(みず),しんぴのしずく,ふめい,ふめい,ノーマル,"すいりゅうれんだ, アクアジェット, れいとうパンチ, ふめい","-1, -1, -1, -1, -1, -1",ディンルー,チョッキ,ふめい,ふめい,どく,"がんせきふうじ, どくテラバースト, ふめい, ふめい","-1, -1, -1, -1, 0, -1",パオジアン,ふめい,ふめい,ふめい,でんき,"ふめい, ふめい, ふめい, ふめい","-1, -1, -1, -1, -1, -1"
113,2014,(ENG),https://tak-sword.hatenablog.com/entry/2025/03/01/101855,コライドン,いかさまダイス,ようき,ひひいろのこどう,ほのお,"フレアドライブ, スケイルショット, つるぎのまい, ニトロチャージ","0, 252, 4, 0, 0, 252",ハバタクカミ,こだわりメガネ,おくびょう,こだいかっせい,フェアリー,"ムーンフォース, シャドーボール, マジカルフレイム, パワージェム","4, 0, 0, 252, 0, 252",パオジアン,きあいのタスキ,ようき,わざわいのつるぎ,こおり,"つららおとし, こおりのつぶて, せいなるつるぎ, ぜったいれいど","0, 252, 4, 0, 0, 252",ガチグマ(アカツキ),とつげきチョッキ,ひかえめ,しんがん,ノーマル,"ブラッドムーン, しんくうは, だいちのちから, ハイパーボイス","148, 0, 4, 252, 84, 20",ドオー,たべのこし,しんちょう,てんねん,あく,"じしん, どくどく, まもる, じこさいせい","252, 0, 4, 0, 252, 0",ヘイラッシャ,ゴツゴツメット,わんぱく,てんねん,はがね,"じわれ, あくび, ねむる, ゆきなだれ","252, 0, 252, 0, 4, 0"
116,2013,アキ,https://aki6060.hatenablog.com/entry/2025/03/02/172349,モルペコ,きあいのタスキ,ようき,はらぺこスイッチ,フェアリー,"オーラぐるま, でんこうせっか, がむしゃら, ちょうはつ","0, 252, 4, 0, 0, 252",カイオーガ,こだわりスカーフ,ひかえめ,あめふらし,みず,"しおふき, なみのり, かみなり, ふぶき","0, 0, 20, 252, 0, 236",ブリジュラス,たべのこし,ずぶとい,すなおこし,フェアリー,"ボディプレス, エレクトロビーム, バークアウト, ステルスロック","252, 0, 252, 0, 4, 0",ゴリランダー,とつげきチョッキ,しんちょう,グラスメイカー,ノーマル,"ドラムアタック, はたきおとす, とんぼがえり, 10まんばりき","252, 0, 52, 0, 204, 0",パオジアン,こだわりハチマキ,ようき,ふめい,こおり,"つららおとし, こおりのつぶて, つるぎのまい, アイアンヘッド","0, 252, 4, 0, 0, 252",ランドロス(れいじゅう),ゴツゴツメット,わんぱく,いかく,フェアリー,"じしん, ステルスロック, とんぼがえり, はねやすめ","244, 0, 84, 0, 180, 0"
123,2010,husky,https://roka-poke.hatenablog.com/entry/2025/03/02/124741,ルナアーラ,こだわりメガネ,ひかえめ,ファントムガード,フェアリー,"シャドーレイ, ムーンフォース, サイコショック, トリック","212, 0, 36, 244, 4, 12",ディンルー,とつげきチョッキ,いじっぱり,わざわいのうつわ,フェアリー,"しっぺがえし, じしん, ヘビーボンバー, じわれ","0, 252, 4, 0, 252, 0",オオニューラ,ノーマルジュエル,いじっぱり,かるわざ,ひこう,"インファイト, フェイタルクロー, アクロバット, ねこだまし","0, 252, 132, 0, 0, 124",ヒードラン,ゴツゴツメット,ずぶとい,ほのおのからだ,くさ,"ふんえん, だいちのちから, テラバースト, ステルスロック","252, 0, 252, 4, 0, 0",ウーラオス(れんげき),こだわりハチマキ,いじっぱり,ふかしのけん,みず,"インファイト, すいりゅうれんだ, アイススピナー, アクアジェット","12, 220, 244, 0, 4, 28",ハバタクカミ,ブーストエナジー,ずぶとい,こだいかっせい,みず,"ムーンフォース, めいそう, いたみわけ, ちょうはつ","228, 0, 252, 4, 4, 20"
126,2009,ひろ,https://foooka.hatenablog.com/entry/2025/03/02/195744,ムゲンダイナ,たべのこし,おくびょう,プレッシャー,ほのお,"ダイマックスほう, かえんほうしゃ, まもる, みがわり","76, 0, 12, 252, 4, 164",ゴリランダー,とつげきチョッキ,いじっぱり,グラスメイカー,あく,"グラススライダー, はたきおとす, とんぼがえり, ドラムアタック","132, 116, 0, 0, 252, 4",パオジアン,きあいのタスキ,ようき,わざわいのつるぎ,こおり,"つららおとし, せいなるつるぎ, こおりのつぶて, ぜったいれいど","0, 252, 4, 0, 0, 252",ヘイラッシャ,ゴツゴツメット,わんぱく,てんねん,フェアリー,"ねむる, あくび, ゆきなだれ, じしん","252, 0, 252, 0, 4, 0",グライオン,どくどくだま,ようき,ポイズンヒール,あく,"まもる, みがわり, どくどく, ちょうはつ","212, 0, 0, 0, 44, 252",メタモン,こだわりスカーフ,ようき,かわりもの,フェアリー,へんしん,"252, 0, 0, 0, 4, 252"
127,2008,ピロスケ,https://pillosuke.hatenablog.com/entry/2025/03/02/035004,エーフィ,ふうせん,ひかえめ,ふめい,フェアリー,"サイコノイズ, みわくのボイス, みらいよち, あさのひざし","84, 0, 0, 252, 0, 172",コライドン,とつげきチョッキ,いじっぱり,ふめい,ほのお,"フレアドライブ, ドレインパンチ, ニトロチャージ, こおりのキバ","236, 196, 4, 0, 12, 60",ハバタクカミ,おんみつマント,おくびょう,ふめい,ひこう,"ムーンフォース, めいそう, ちょうはつ, いたみわけ","4, 0, 252, 0, 0, 252",イーユイ,こだわりメガネ,ひかえめ,ふめい,ほのお,"かえんほうしゃ, あくのはどう, オーバーヒート, サイコキネシス","228, 0, 4, 212, 60, 4",ドオー,オボンのみ,しんちょう,ふめい,でんき,"じしん, どくどく, じこさいせい, ステルスロック","252, 0, 4, 0, 252, 0",ヘイラッシャ,たべのこし,わんぱく,ふめい,ノーマル,"ゆきなだれ, ボディプレス, あくび, ねむる","252, 0, 212, 0, 44, 0"
128,2008,(CHT),https://rejendo54321.hatenablog.com/entry/2025/03/04/010423,ホウオウ,あつぞこブーツ,わんぱく,**(じょうほうなし)**,よう,"'せいなるほのお','ブレイブバード','ふきとばし','じこさいせい'","252, 4, 212, 0, 36, 4",ドヒドイデ,ゴツゴツメット,ずぶとい,**(じょうほうなし)**,よう,"'トーチカ','どくびし','じこさいせい','くろいきり'","252, 0, 252, 0, 4, 0",ディンルー,たべのこし,わんぱく,**(じょうほうなし)**,はがね,"'じしん','ステルスロック','まもる','ふきとばし'","212, 4, 36, 0, 252, 4",ゴリランダー,とつげきチョッキ,しんちょう,**(じょうほうなし)**,む,"'グラススライダー','ドラムアタック','たたきおとす','とんぼがえり'","252, 4, 0, 0, 252, 0",メタモン,こだわりスカーフ,おだやか,**(じょうほうなし)**,よう,'へんしん',"252, 0, 0, 0, 0, 0",パオジアン,こだわりハチマキ,いじっぱり,**(じょうほうなし)**,あく,"'つららおとし','かみくだく','こおりのつぶて','ふいうち'","0, 252, 0, 0, 0, 252"
133,2008,ノブ,http://rplnobu.blog.fc2.com/blog-entry-218.html,フライゴン,こだわりメガネ,ひかえめ,ふゆう,はがね,"りゅうせいぐん, だいちのちから, ばくおんぱ, しんくうは","0, 0, 4, 252, 0, 252",ドータクン,たべのこし,のんき,ふゆう,ほのお,"ジャイロボール, ボディプレス, てっぺき, サイコキネシス","252, 4, 252, 0, 0, 0",ルガルガン(たそがれ),こだわりスカーフ,いじっぱり,かたいツメ,じめん,"ストーンエッジ, ドリルライナー, じゃれつく, かみくだく","4, 252, 0, 0, 0, 252",テツノブジン,ブーストエナジー,おくびょう,クォークチャージ,はがね,"ムーンフォース, みがわり, アンコール, みちづれ","0, 0, 0, 252, 4, 252",ロトム(みず),ゴツゴツメット,ずぶとい,ふゆう,あく,"ハイドロポンプ, イカサマ, ボルトチェンジ, おにび","252, 0, 252, 4, 0, 0",ホウオウ,こだわりハチマキ,いじっぱり,さいせいりょく,でんき,"せいなるほのお, ブレイブバード, じしん, テラバースト","140, 252, 0, 0, 0, 116"
139,2007,(CHT),https://kabushiking.hatenablog.com/entry/2025/03/01/212112,バドレックス(はくばじょう),たべのこし,ふめい,じんばいったい,みず,"ブリザードランス, ボディプレス, てっぺき, トリックルーム","252, 0, 236, 0, 20, 0",キノガッサ,どくどくだま,ふめい,ポイズンヒール,ノーマル,"からげんき, みがわり, やどりぎのタネ, きのこのほうし","204, 4, 84, 0, 4, 212",ハバタクカミ,きあいのタスキ,ふめい,こだいかっせい,ノーマル,"ムーンフォース, シャドーボール, マジカルフレイム, ちょうはつ","4, 0, 0, 252, 0, 252",ガチグマ(アカツキ),シルクのスカーフ,ふめい,しんがん,ノーマル,"ブラッドムーン, ハイパーボイス, しんくうは, つきのひかり","148, 0, 4, 116, 212, 28",ウーラオス,こだわりハチマキ,ふめい,ふかしのこぶし,みず,"すいりゅうれんだ, インファイト, とんぼがえり, アクアジェット","252, 252, 4, 0, 0, 0",ラティアス,おんみつマント,おだやか,ふゆう,はがね,"アシストパワー, はどうだん, めいそう, じこさいせい","252, 0, 0, 0, 4, 252"
140,2006,ぬすし,https://note.com/nusushi0524/n/ne185e156e2e0,バドレックス(くろうま),こだわりスカーフ,おくびょう,じんばいったい,みず,"アストラルビット, サイコキネシス, テラバースト, くさむすび","76, 0, 4, 188, 60, 180",パオジアン,きあいのタスキ,いじっぱり,わざわいのつるぎ,こおり,"つららおとし, こおりのつぶて, かわらわり, ぜったいれいど","4, 252, 0, 0, 0, 252",ハバタクカミ,ブーストエナジー,ひかえめ,こだいかっせい,ほのお,"ムーンフォース, マジカルフレイム, いたみわけ, ちょうはつ","100, 0, 252, 4, 20, 132",カイリュー,こだわりハチマキ,いじっぱり,マルチスケイル,ノーマル,"しんそく, げきりん, じしん, けたぐり","252, 252, 4, 0, 0, 0",キラフロル,レッドカード,ずぶとい,どくげしょう,ゴースト,"キラースピン, ステルスロック, パワージェム, こらえる","252, 0, 76, 0, 180, 0",ディンルー,オボンのみ,ずぶとい,わざわいのうつわ,どく,"しっぺがえし, カタストロフィ, ステルスロック, ふきとばし","252, 0, 252, 0, 4, 0"
142,2005,マッキー,https://makki-poke.hatenablog.com/entry/2025/03/01/103300,ミライドン,こだわりメガネ,おくびょう,ハドロンエンジン,フェアリー,"イナズマドライブ, ボルトチェンジ, りゅうせいぐん, マジカルシャイン","4, 0, 0, 252, 0, 252",ウーラオス(れんげき),パンチグローブ,いじっぱり,ふかしのこぶし,ノーマル,"すいりゅうれんだ, アクアジェット, れいとうパンチ, かみなりパンチ","156, 252, 100, 0, 0, 0",ランドロス(れいじゅう),とつげきチョッキ,なまいき,いかく,ノーマル,"じしん, じわれ, がんせきふうじ, とんぼがえり","252, 4, 0, 0, 252, 0",ガチグマ(アカツキ),オボンのみ,ずぶとい,しんがん,ほのお,"ブラッドムーン, だいちのちから, しんくうは, つきのひかり","252, 0, 236, 0, 0, 20",パオジアン,気合のタスキ,ようき,わざわいのつるぎ,でんき,"つららおとし, テラバースト, こおりのつぶて, つるぎのまい","0, 252, 4, 0, 0, 252",オーロンゲ,たべのこし,しんちょう,いたずらごころ,ゴースト,"ソウルクラッシュ, イカサマ, リフレクター, でんじは","244, 4, 60, 0, 196, 4"
145,2005,よざくら,https://note.com/3onto/n/na85a8d7a7f4e,バドレックス,こだわりメガネ,おくびょう,ゴースト/エスパー,ゴースト,"アストラルビット, サイコキネシス, トリック, みとくてい","0, 0, 4, 252, 0, 252",ガオガエン,とつげきチョッキ,しんちょう,いかく,くさ,"フレアドライブ, はたきおとす, じならし, とんぼがえり","252, 0, 0, 0, 252, 0",ウーラオス,ゴツゴツメット,いじっぱり,ふかしのこぶし,ふめい,"インファイト, とんぼがえり, つるぎのまい, どくづき","0, 212, 44, 0, 0, 252",カイリュー,じゃくてんほけん,ゆうかん,マルチスケイル,じめん,"じしん, けたぐり, しんそく, りゅうせいぐん","252, 44, 0, 0, 0, 0",アーマーガア,オボンのみ,のんき,プレッシャー,ふめい,"アイアンヘッド, はがねのつばさ, はねやすめ, てっぺき","252, 0, 4, 0, 252, 0",グライオン,どくどくだま,ようき,ポイズンヒール,ひこう,"じしん, みがわり, まもる, はたきおとす","204, 0, 0, 0, 52, 252"
149,2004,maru,https://marunpoke.hatenablog.com/entry/2025/03/01/122125,テラパゴス(テラスタル),たべのこし,ひかえめ,テラスシェル,ステラ,"テラクラスター, めいそう, ロックカット, まもる","172, 0, 0, 236, 0, 100",ガブリアス,きあいのタスキ,いじっぱり,さめはだ,はがね,"じしん, がんせきふうじ, ドラゴンテール, ステルスロック","0, 252, 4, 0, 0, 252",ハッサム,オボンのみ,いじっぱり,テクニシャン,ほのお,"バレットパンチ, むしくい, ダブルウイング, つるぎのまい","252, 252, 4, 0, 0, 0",カイリュー,いかさまダイス,いじっぱり,マルチスケイル,ノーマル,"スケイルショット, じしん, しんそく, りゅうのまい","164, 252, 0, 0, 0, 92",マタドガス(ガラル),メンタルハーブ,ずぶとい,かがくへんかガス,みず,"ヘドロばくだん, どくどく, どくびし, まもる","252, 0, 36, 0, 220, 0",ラウドボーン,ウイのみ,ずぶとい,てんねん,みず,"フレアソング, まもる, みがわり, なまける","252, 0, 252, 0, 4, 0"
151,2001,るい,https://yatorukun.hatenablog.com/entry/2025/02/25/091306,バドレックス(くろ),きあいのタスキ,おくびょう,じんばいったい,くさ,"アストラルビット, ギガドレイン, アンコール, わるだくみ","4, 0, 0, 252, 0, 252",カイリュー,いかさまダイス,いじっぱり,マルチスケイル,はがね,"スケイルショット, じしん, しんそく, りゅうのまい","100, 188, 12, 0, 4, 204",ブリジュラス,ゴツゴツメット,のんき,じきゅうりょく,ノーマル,"りゅうせいぐん, ヘビーボンバー, ボディプレス, バークアウト","252, 0, 252, 0, 4, 0",ウーラオス(れんげき),こだわりハチマキ,いじっぱり,ふかしのこぶし,みず,"すいりゅうれんだ, インファイト, アクアジェット, とんぼがえり","156, 244, 100, 0, 4, 4",ランドロス,こだわりスカーフ,ようき,いかく,ひこう,"じしん, とんぼがえり, テラバースト, がんせきふうじ","4, 228, 4, 0, 68, 204",ママンボウ,とつげきチョッキ,なまいき,さいせいりょく,はがね,"クイックターン, こごえるかぜ, アクアジェット, ミラーコート","252, 0, 4, 0, 252, 0"
152,2000,タカヒロ,https://sunset9696.blog.fc2.com/blog-entry-6.html,レックウザ,こだわりスカーフ,むじゃき,エアロック,ひこう,"がりゅうてんせい, とんぼがえり, りゅうせいぐん, れいとうビーム","252, 0, 76, 4, 0, 172",ハッサム,オボンのみ,いじっぱり,テクニシャン,ひこう,"バレットパンチ, とんぼがえり, インファイト, つるぎのまい","228, 156, 116, 0, 4, 4",カバルドン,ゴツゴツメット,わんぱく,すなおこし,はがね,"じしん, あくび, ステルスロック, なまける","252, 0, 132, 0, 124, 0",ガチグマ,とつげきチョッキ,ひかえめ,ぬいぐるみ,ノーマル,"ブラッドムーン, ハイパーボイス, だいちのちから, しんくうは","84, 0, 0, 252, 172, 0",テツノツツミ,こだわりメガネ,むじゃき,クォークチャージ,じめん,"フリーズドライ, ハイドロポンプ, クイックターン, れいとうビーム","0, 0, 4, 252, 0, 252",キノガッサ,きあいのタスキ,いじっぱり,ポイズンヒール,ゴースト,"マッハパンチ, タネマシンガン, つるぎのまい, キノコのほうし","0, 252, 4, 0, 0, 252"
162,1997,ちかた,https://siere.hatenablog.jp/entry/2025/03/01/180700,ホウオウ,たべのこし,しんちょう,さいせいりょく,でんき,"まもる, じこさいせい, せいなるほのお, ふきとばし","252, 4, 108, 0, 124, 20",メタモン,こだわりスカーフ,なまいき,かわりもの,フェアリー⇔ノーマル,,"252, 0, 0, 0, 252, 0",ママンボウ,ゴツゴツメット,のんき,さいせいりょく,フェアリー,"クイックターン, スキルスワップ, みがわり, バトンタッチ","124, 0, 252, 0, 132, 0",ブリジュラス,こだわりメガネ,ひかえめ,がんじょう,ステラ,"りゅうせいぐん, ラスターカノン, 10まんボルト, ステルスロック","0, 4, 0, 252, 252, 0",グライオン,どくどくだま,ずぶとい,ポイズンヒール,フェアリー,"まもる, みがわり, ちょうはつ, どくびし","212, 0, 196, 0, 60, 40",オオニューラ,チイラのみ,いじっぱり,かるわざ,ゴースト,"でんこうせっか, こらえる, きしかいせい, フェイタルクロー","140, 252, 0, 0, 0, 116"
167,1991,かりょうてん,https://m4hkmqy0esbsqvb.hatenablog.com/entry/2025/03/02/182909,カイオーガ,こだわりスカーフ,おくびょう,あめふらし,みず,"しおふき, なみのり, れいとうビーム, かみなり","0, 0, 44, 252, 0, 212",ゴリランダー,とつげきチョッキ,いじっぱり,グラスメイカー,ノーマル,"ドラムアタック, たたきおとす, グラススライダー, とんぼがえり","132, 124, 0, 0, 252, 0",ガオガエン,オボンのみ,のんき,いかく,むし,"たたきおとす, かわらわり, とんぼがえり, おにび","252, 0, 252, 0, 0, 0",パオジアン,こだわりハチマキ,いじっぱり,わざわいのつるぎ,あく,"つらら, かみくだく, こおりのつぶて, サイコファング","28, 252, 124, 0, 4, 100",ハバタクカミ,きあいのタスキ,おくびょう,こだいかっせい,じめん,"ムーンフォース, シャドーボール, テラバースト, ちょうはつ","0, 0, 0, 252, 0, 252",ランドロス(れい),ゴツゴツメット,わんぱく,いかく,みず,"とんぼがえり, がんせきふうじ, ちょうはつ, ステルスロック","252, 0, 252, 0, 0, 0"
180,1982,バイオレット,https://shuteee.hatenablog.com/entry/2025/03/03/180412,バドレックス(くろうま),オボンのみ,ひかえめ,じんばいったい,フェアリー,"アストラルビット, ドレインキッス, わるだくみ, こうそくいどう","236, 0, 132, 60, 28, 52",ディンルー,たべのこし,わんぱく,わざわいのうつわ,はがね,"カタストロフィ, ふきとばし, まきびし, ステルスロック","212, 4, 124, 0, 140, 28",カイリュー,いかさまダイス,いじっぱり,マルチスケイル,ほのお,"スケイルショット, ほのおのパンチ, りゅうのまい, はねやすめ","4, 252, 0, 0, 0, 252",パオジアン,きあいのタスキ,ようき,わざわいのつるぎ,でんき,"つららおとし, テラバースト, カタストロフィ, ちょうはつ","12, 252, 100, 0, 4, 140",ハバタクカミ,ブーストエナジー,おくびょう,こだいかっせい,みず,"ムーンフォース, あまえる, ちょうはつ, おきみやげ","100, 0, 236, 20, 4, 148",オーガポン(ほのお),かまどのめん,いじっぱり,おもかげやどし,ほのお,"ツタこんぼう, ウッドホーン, くさわけ, つるぎのまい","236, 154, 119, 72, 116, 150"
186,1976,(CHT),https://yukiyukipokemon.hatenablog.com/entry/2025/03/02/084556,バドレックスこくば,しろいハーブ,おくびょう,ふめい,ようせい,"アシストパワー, ドレインキッス, ちょうはつ, みがわり","188, 0, 68, 0, 0, 252",ハバタクカミ,ブーストエナジー,おくびょう,ふめい,はがね,"こごえるかぜ, でんじは, ちょうはつ, おきみやげ","4, 0, 252, 0, 0, 252",ドーブル,きあいのタスキ,おくびょう,ふめい,くさ,"キノコのほうし, ちいさくなる, ちょうはつ, バトンタッチ","4, 0, 252, 0, 0, 252",テツノワダチ,とつげきチョッキ,ようき,ふめい,くさ,"アイアンヘッド, じならし, テラバースト, こうそくスピン","0, 252, 0, 0, 28, 228",ブリムオン,こうこうのしっぽ,おだやか,ふめい,じめん,"ほっぺすりすり, サイコフィールド, いやしのねがい, トリック","228, 0, 156, 0, 124, 0",フワライド,エレキシード,おくびょう,ふめい,りゅう,,"0, 0, 28, 0, 252, 228"
189,1974,(CHT),https://minrai525.hatenablog.com/entry/2025/03/01/212132,ザシアン,くちたけん,ようき,ふとうのつるぎ,みず,"きょじゅうざん, じゃれつく, テラバースト, つるぎのまい","172, 140, 4, 0, 12, 180",カイリュー,こだわりハチマキ,いじっぱり,マルチスケイル,ノーマル,"しんそく, げきりん, じしん, ほのおのパンチ","4, 252, 0, 0, 0, 252",キョジオーン,たべのこし,しんちょう,きよめのしお,くさ,"しおづけ, みがわり, まもる, じこさいせい","252, 0, 0, 0, 236, 20",ハバタクカミ,ブーストエナジー,おくびょう,こだいかっせい,ノーマル,"ムーンフォース, めいそう, あまえる, いたみわけ","100, 0, 252, 4, 4, 148",イーユイ,とつげきチョッキ,ひかえめ,わざわいのたま,くさ,"かえんほうしゃ, あくのはどう, オーバーヒート, テラバースト","228, 0, 4, 148, 108, 20",ガチグマ(アカツキ),ゴツゴツメット,ずぶとい,しんがん,みず,"ブラッドムーン, だいちのちから, めいそう, つきのひかり","252, 0, 244, 0, 0, 12"
193,1972,スコール,https://squallpokemon.hatenablog.com/entry/2025/03/03/225307,テツノツツミ,ブーストエナジー,おくびょう,クオークチャージ,ノーマル,"まもる, みがわり, ハイドロポンプ, フリーズドライ","0, 0, 4, 252, 0, 252",ゲッコウガ,きあいのタスキ,ようき,へんげんじざい,ゴースト,"かげうち, ローキック, ダストシュート, どくびし","0, 252, 4, 0, 0, 252",カイオーガ,オボンのみ,ひかえめ,あめふらし,フェアリー,"なみのり, れいとうビーム, かみなり, めいそう","236, 0, 236, 4, 4, 28",ドヒドイデ,くろいヘドロ,ずぶとい,さいせいりょく,どく,"トーチカ, どくどく, じこさいせい, まとわりつく","252, 0, 252, 0, 4, 0",ラプラス,たべのこし,おだやか,ちょすい,フェアリー,"まもる, うずしお, ほろびのうた, つのドリル","252, 0, 4, 0, 252, 0",ヘイラッシャ,おんみつマント,わんぱく,てんねん,くさ,"ボディプレス, じわれ, ゆきなだれ, ねむる","252, 0, 228, 0, 0, 20"
201,1967,マブシ,https://mabusi.hatenablog.com/entry/2025/03/04/153034,キョジオーン,たべのこし,ふめい,ふめい,フェアリー,"しおづけ, みがわり, まもる, さいせい","0, 0, 252, 0, 0, 6",カイオーガ,チョッキ,ふめい,ふめい,でんき,"しおふき, なみのり, かみなり, れいとうビーム","252, 0, 4, 76, 172, 4",ディンルー,おんみつ,ふめい,ふめい,どく,"しっぺがえし, ステルスロック, ドラゴンテール","0, 0, 252, 0, 252, 0",ドオー,おぼんのみ,ふめい,ふめい,はがね,"じしん, のろい, どくびし, じこさいせい","0, 0, 0, 0, 252, 0",パオジアン,きあいのタスキ,ふめい,ふめい,ステラ,"つらら, ふいうち, こおりのつぶて, けんまい","0, 252, 0, 0, 0, 252",ドヒドイデ,ゴツゴツメット,ふめい,ふめい,フェアリー,"どくどく, どくびし, くろいきり, さいせい","0, 0, 252, 0, 0, 6"
205,1965,バイオレット,https://note.com/mi_mori_hawksfan/n/n2e9b71777f61,カイリュー,ゴツゴツメット,なし,せいしんりょく,ノーマル,"しんそく, じしん, けたぐり, はねやすめ","0, 0, 0, 0, 0, 0",ルナアーラ,こだわりスカーフ,なし,ファントムガード,じめん,"シャドーレイ, ムーンフォース, ねっぷう, テラバースト","0, 0, 0, 0, 0, 0",パオジアン,きあいのタスキ,なし,なし,ほのお,"カタストロフィ, ふいうち, テラバースト, サイコファング","0, 0, 0, 0, 0, 0",ウーラオス(あく),とつげきチョッキ,なし,ふかしのこぶし,どく,"あんこくきょうだ, ふいうち, インファイト, れいとうパンチ",,ハッサム,たべのこし,なし,テクニシャン,ノーマル,"バレットパンチ, とんぼがえり, ダブルウイング, つるぎのまい","0, 0, 0, 0, 0, 0",イワオーガポン,いしずえのめん,なし,なし,いわ,"ツタこんぼう, くさわけ, パワーウィップ, ばかぢから","0, 0, 0, 0, 0, 0"
220,1962,あたか,https://ataka-dog.hatenablog.com/entry/2025/03/01/172856,ミライドン,こだわりメガネ,おくびょう,ふめい,よう,"エレクトリックドリフト, りゅうせいぐん, マジカルシャイン, ボルトチェンジ","4, 0, 0, 252, 0, 252",ウーラオス,パンチグローブ,いじっぱり,ふめい,みず,"みずりゅうれんだ, ドレインパンチ, れいとうパン, アクアジェット","108, 236, 148, 0, 4, 12",オーガポン,かまどのめん,わんぱく,ふめい,ほのお,"つるてづち, パワーウィップ, けんのまい, ひかりごうせい","236, 0, 252, 0, 0, 20",オーロンゲ,こうこうのしっぽ,しんちょう,ふめい,れい,"イカサマ, ソウルクラッシュ, トリック, でんじは","252, 0, 52, 0, 204, 0",テツノワダチ,はちまき,いじっぱり,ふめい,じめん,ふめい,"60, 84, 20, 0, 92, 252",リキキリン,とつげきチョッキ,ひかえめ,テイルアーマー,よう,"マジカルシャイン, シャドーボール, ミラーコート, がむしゃら","92, 0, 0, 252, 164, 0"
231,1959,わたあめ,https://wataame480.hatenablog.com/entry/2025/03/04/210544,バドレックス(しろうま),オボンのみ,いじっぱり,じんばいったい,ほのお,"ブリザードランス, じゅうまんばりき, タネばくだん, トリックルーム","252, 150, 0, 0, 108, 0",ガチグマ(アカツキ),いのちのたま,れいせい,しんがん,ノーマル,"ブラッドムーン, はかいこうせん, だいちのちから, しんくうは","68, 0, 0, 252, 190, 0",ウーラオス(れんげき),こだわりハチマキ,いじっぱり,ふかしのこぶし,みず,"すいりゅうれんだ, アクアジェット, インファイト, とんぼがえり","204, 252, 0, 0, 0, 52",ドオー,たべのこし,しんちょう,ちょすい,ほのお,"じしん, たくわえる, どくどく, じこさいせい","252, 0, 182, 0, 76, 0",イーユイ,とつげきチョッキ,ひかえめ,わざわいのたま,ほのお,"オーバーヒート, かえんほうしゃ, ニトロチャージ, あくのはど","244, 0, 4, 116, 4, 140",エルフーン,ゴツゴツメット,ずぶとい,いたずらごころ,ゴースト,"とんぼがえり, アンコール, おきみやげ, トリックルーム","252, 0, 166, 0, 92, 0"
241,1956,やすひら,https://yasuhira75.hatenablog.com/entry/2025/03/02/191323,コライドン,いかさまダイス,いじっぱり,ひしょくのこどう,はがね,"スケショ, ドッヘン, けんまい, ちょうはつ","60, 212, 4, 0, 164, 68",ランドロス,オボンのみ,わんぱく,いかく,みず,"じしん, とんぼがえり, ステロ, ちょうはつ","244, 0, 252, 0, 12, 0",ハバタクカミ,きあいのタスキ,おくびょう,こだいかっせい,ステラ,"ムンフォ, たたりめ, ミストフィールド, でんじは","4, 0, 0, 252, 0, 252",テツノツツミ,ブーストエナジー,おくびょう,クォークチャージ,どく,"イドンプ, フリドラ, あんこ, みがわり","0, 0, 4, 252, 0, 252",オーロンゲ,のこりもの,わんぱく,いたずらごころ,ほのお,"でんじは, イカサマ, ソウルクラッシュ, すてぜりふ","252, 12, 36, 0, 204, 4",ブリジュラス,とつげきチョッキ,ずぶとい,じきゅうりょく,フェアリー,"ラスターカノン, ボディプレス, 10まんボルト, ミラーコート","252, 0, 4, 4, 244, 4"
249,1953,しゅばばばば,https://m-adogiwa.hatenablog.com/entry/2025/03/15/000153,ホウオウ,こだわりハチマキ,いじっぱり,さいせいりょく,くさ,"せいなるほのお, ブレイブバード, じしん, テラバースト","140, 252, 0, 0, 0, 116",アローラキュウコン,ひかりのねんど,おくびょう,ゆきふらし,ノーマル,"ムーンフォース, オーロラベール, アンコール, ミストフィールド","244, 0, 68, 0, 0, 196",ウーラオス(れんげき),こだわりスカーフ,いじっぱり,ふかしのこぶし,フェアリー,"すいりゅうれんだ, インファイト, テラバースト, とんぼがえり","0, 252, 4, 0, 0, 252",ガチグマ(アカツキ),とつげきチョッキ,ひかえめ,しんがん,ノーマル,"ブラッドムーン, ハイパーボイス, だいちのちから, しんくうは","68, 0, 0, 196, 244, 0",ハバタクカミ,こだわりメガネ,おくびょう,こだいかっせい,ステラ,"ムーンフォース, シャドーボール, パワージェム, テラバースト","4, 0, 0, 252, 0, 252",ドラパルト,きあいのタスキ,おくびょう,クリアボディ,ステラ,"りゅうせいぐん, たたりめ, でんじは, のろい","0, 0, 4, 252, 0, 252"
252,1951,スカーレット,https://kek1.hatenablog.com/entry/2025/03/03/211926,ミライドン,とつげきチョッキ,不明,不明,こおり,"エナジーボール, りゅうせいぐん, ボルトチェンジ, テラバースト","252, 0, 0, 0, 0, 0",ディンルー,たべのこし,不明,不明,はがね,"カタストロフィ, ステルスロック, まきびし, ふきとばし","0, 0, 0, 0, 0, 0",パオジアン,きあいのタスキ,不明,不明,こおり,"つららおとし, せいなるつるぎ, サイコファング, こおりのつぶて","4, 252, 0, 0, 0, 252",ハバタクカミ,ジャポのみ,不明,不明,ノーマル,"ムーンフォース, でんじは, たたりめ, いたみわけ","0, 0, 0, 0, 0, 0",ヘイラッシャ,こだわりハチマキ,不明,不明,フェアリー,"ウエーブタックル, じしん, ゆきなだれ, テラバースト","0, 0, 0, 0, 0, 0",キラフロル,カゴのみ,不明,ふしょく,ひこう,"パワージェム, どくどく, ニドガ, ねむる","252, 0, 0, 0, 252, 0"
258,1950,ながいみのる,https://hamuhax.hatenablog.com/entry/2025/03/01/103357,バドレックス(こくば),こだわりスカーフ,おくびょう,じんばいったい,ゴースト,"アストラルビット, サイコショック, くさむすび, おにび","76, 0, 4, 252, 28, 148",カイリュー,ゴツゴツメット,いじっぱり,マルチスケイル,ノーマル,"しんそく, じしん, はねやすめ, りゅうのまい","164, 252, 0, 0, 0, 92",ディンルー,オボンのみ,わんぱく,わざわいのうつわ,どく,"カタストロフィ, ステルスロック, まきびし, ふきとばし","244, 4, 92, 0, 148, 20",ウーラオス(れんげき),こだわりハチマキ,いじっぱり,ふかしのこぶし,みず,"すいりゅうれんだ, インファイト, アイススピナー, アクアジェット","0, 252, 4, 0, 0, 252",キョジオーン,たべのこし,しんちょう,きよめのしお,くさ,"しおづけ, まもる, みがわり, じこさいせい","252, 0, 0, 0, 228, 28",トドロクツキ,ブーストエナジー,ようき,こだいかっせい,ひこう,"はたきおとす, アクロバット, ちょうはつ, りゅうのまい","36, 220, 0, 0, 0, 252"
275,1947,(ENG),https://greyninja.hatenablog.com/entry/2025/03/03/120643,バドレックス(はくば),いかさまダイス,いじっぱり,じんばいったい(しろのいななき・きんちょうかん),ほのお,"つららばり, たねマシンガン, じゅうまんばりき, トリックルーム","252, 252, 4, 0, 0, 0",オーロンゲ,こうこうのしっぽ,しんちょう,いたずらごころ,ほのお,"イカサマ, ソウルクラッシュ, ちょうはつ, トリック","236, 0, 156, 0, 116, 0",ガチグマ(アカツキ),たべのこし,ずぶとい,しんがん,どく,"ブラッドムーン, だいちのちから, あくび, つきのひかり","252, 0, 76, 0, 180, 0",オオニューラ,きあいのタスキ,いじっぱり,かるわざ,こおり,"フェイタルクロー, インファイト, テラバースト, ねこだまし","0, 252, 0, 0, 0, 252",カイリュー,こだわりハチマキ,いじっぱり,マルチスケイル,ノーマル,"しんそく, げきりん, じしん, けたぐり","132, 252, 4, 0, 60, 60",ブリジュラス,オボンのみ,ずぶとい,じきゅうりょく,みず,"じゅうまんボルト, ボディプレス, ほえる, ステルスロック","252, 0, 76, 0, 180, 0"
283,1945,(CHS),https://kimico114514.hatenablog.com/entry/2025/03/02/123437,テラパゴス,こだわりスカーフ,おくびょう,ゼロフォーミング,ステラ,"テラクラスター, かえんほうしゃ, れいとうビーム, だいちのちから","4, 0, 0, 252, 0, 252",カイリュー,じゃくてんほけん,いじっぱり,マルチスケイル,じめん,"ほのおのうず, アンコール, じしん, アクアジェット","196, 148, 0, 0, 164, 0",ミミッキュ,いのちのたま,いじっぱり,ばけのかわ,ステラ,"じゃれつく, シャドークロー, かげうち, のろい","4, 252, 0, 0, 0, 252",ガチグマ,とつげきチョッキ,いじっぱり,こんじょう,フェアリー,"じしん, からげんき, れいとうパンチ, かみくだく","4, 252, 0, 0, 252, 0",ママンボウ,ゴツゴツメット,のんき,さいせいりょく,フェアリー,"クイックターン, アクアジェット, まもる, ねがいごと","124, 0, 252, 0, 132, 0",キラフロル,パワフルハーブ,ひかえめ,どくけしょう,じめん,"メテオビーム, パワージェム, アシッドボム, だいちのちから","100, 0, 4, 252, 4, 148"
298,1941,すずめ,https://note.com/heavysplatling/n/n4debb5c9f96f,ムゲンダイナ,こだわりメガネ,おくびょう,プレッシャー,ほのお,"ダイマックスほう, ヘドロウェーブ, かえんほうしゃ, シャドーボール","76, 0, 4, 252, 4, 172",ラッキー,しんかのきせき,ずぶとい,しぜんかいふく,ひこう,"ちきゅうなげ, ひかりのかべ, ステルスロック, いやしのねがい","252, 0, 252, 0, 4, 0",ヘイラッシャ,とつげきチョッキ,いじっぱり,てんねん,じめん,"ウェーブタックル, じしん, ゆきなだれ, ヘビーボンバー","236, 236, 0, 0, 36, 0",グライオン,どくどくだま,いじっぱり,ポイズンヒール,みず,"じしん, ダブルウイング, みがわり, つるぎのまい","212, 204, 4, 0, 20, 68",クレベース,イバンのみ,いじっぱり,がんじょう,ゴースト,"つららおとし, ボディプレス, じしん, ミラーコート","4, 252, 0, 0, 0, 252",ベトベトン(アローラ),こだわりハチマキ,ゆうかん,どくしゅ,くさ,"どくづき, はたきおとす, かみなりパンチ, ドレインパンチ","244, 252, 0, 0, 12, 0"
313,1936,はるしお,https://harushi0.hatenablog.com/entry/2025/03/01/212251,バドレックス,カゴのみ,なまいき,きんちょうかん,ドラゴン,"ブリザードランス, のろい, トリックルーム, ねむる","252, 0, 0, 0, 252, 0",ミミッキュ,未記載,わんぱく,ばけのかわ,未記載,"トリックルーム, のろい, かげうち, じゃれつく","252, 252, 0, 0, 0, 0",ガチグマ,シルクのスカーフ,ゆうかん,ミラーアーマー,未記載,"だいちがん, しんそく, 未記載, 未記載","252, 252, 0, 0, 4, 0",ウーラオス(れんげき),こだわりハチマキ,いじっぱり,ふかしのこぶし,未記載,"すいりゅうれんだ, インファイト, アクアジェット, アイアンヘッド","252, 252, 0, 0, 4, 0",ハバタクカミ,きあいのタスキ,おくびょう,ぼうだん,未記載,"たたりめ, でんじは, 挑発, 未記載","0, 0, 0, 252, 4, 252",オーガポン,未記載,おだやか,もらいび,炎,"未記載, 未記載, 未記載, 未記載","252, 0, 252, 0, 4, 0"
361,1920,(KOR),https://m.dcinside.com/board/pokemon/11825156,バドレックス(くろうま),たべのこし,おくびょう,わるいてぐせ(こんとんのうま),ノーマル,"アストラルビット, やどりぎのタネ, みがわり, まもる","140, 0, 4, 100, 12, 252",カイリュー,ゴツゴツメット,いじっぱり,マルチスケイル,ノーマル,"しんそく, じしん, アンコール, はねやすめ","196, 204, 4, 0, 68, 36",キラフロル,きあいのタスキ,おくびょう,どくじしょう,フェアリー,"ぐるぐるスピン, マッドショット, マジカルシャイン, どくびし","20, 0, 212, 20, 4, 252",ウミトリボウシ,ブーストエナジー,おくびょう,こだいかっせい,フェアリー,"ドレインキッス, へんそうほさ, めいそう, みがわり","4, 0, 0, 252, 0, 252",チオンジェン,いのちのたま,いじっぱり,わざわいのつるぎ,でんき,"つららおとし, テラバースト, ふいうち, つるぎのまい","92, 236, 4, 0, 20, 156",ディンルー,ブリーのみ,わんぱく,わざわいのうつわ,はがね,"カタストロフィ, ステルスロック, まきびし, ふきとばし","252, 0, 36, 0, 220, 0"
365,1918,(CHT),https://note.com/shiny_hare288/n/n5a6c0f1eece1,くろバドレックス,こだわりメガネ,ふめい,ふめい,じめん,"アストラルビット, ふめい, ふめい, ふめい","0, 0, 0, 252, 0, 252",ウーラオス(みず),きあいのタスキ,ふめい,ふめい,はがね,"アイススピナー, ふめい, ふめい, ふめい","0, 252, 0, 0, 0, 252",ガチグマ(アカツキ),とつげきチョッキ,ふめい,ふめい,くろのすなびと,"ふめい, ふめい, ふめい, ふめい","0, 0, 252, 252, 0, 0",ハバタクカミ,ブーストエナジー,ふめい,ふめい,でんき,"マジカルフレイム, あまえる, めいそう, いたみわけ","0, 0, 252, 0, 0, 252",アーマーガア,オボンのみ,ふめい,ふめい,はがね,"ふめい, ふめい, ふめい, ふめい","0, 0, 252, 0, 0, 0",ヘイラッシャ,たべのこし,ふめい,ふめい,ふめい,"ねむる, ねごと, じわれ, ふめい","252, 0, 252, 0, 0, 0"
375,1916,スカーレット,https://iseapoke.hatenablog.com/entry/2025/03/01/143049,マタドガス(ガラル),おんみつマント,ずぶとい,ふゆう,はがね,"おにび, ヘドロばくだん, いたみわけ, きりばらい","252, 0, 252, 0, 4, 0",ホウオウ,ゴツゴツメット,わんぱく,さいせいりょく,フェアリー,"せいなるほのお, おにび, ひかりのかべ, じこさいせい","252, 4, 220, 0, 12, 20",ヘイラッシャ,たべのこし,わんぱく,てんねん,ほのお,"じわれ, ウェーブタックル, まもる, ねむる","252, 0, 252, 0, 4, 0",ドオー,フィラのみ,しんちょう,ちょすい,でんき,"じこさいせい, じしん, どくどく, まもる","252, 0, 68, 0, 188, 0",ベトベトン(アローラ),くろいヘドロ,しんちょう,どくしゅ,どく,"はたきおとす, どくづき, かげうち, まもる","252, 4, 0, 0, 252, 0",クレベース,あつぞこブーツ,わんぱく,がんじょう,でんき,"じこさいせい, ボディプレス, てっぺき, つららばり","252, 0, 252, 0, 4, 0"
392,1913,daa,https://daapoke.hatenablog.com/entry/2025/03/02/093710,テラパゴス,こだわりメガネ,ひかえめ,テラスシェル,なし,"テラクラスター, 10まんボルト, れいとうビーム, かえんほうしゃ","252, 0, 4, 252, 0, 0",ミミッキュ,ゴツゴツメット,いじっぱり,ばけのかわ,みず,"じゃれつく, かげうち, のろい, トリックルーム","148, 196, 164, 0, 0, 0",ウガツホムラ,ブーストエナジー,いじっぱり,こだいかっせい,じめん,"フレアドライブ, ワイドブレイカー, じしん, かみくだく","100, 76, 60, 0, 68, 204",イダイナキバ,イバンの実,いじっぱり,こだいかっせい,ほのお,"じしん, アイススピナー, じゃれつく, こらえる","252, 236, 20, 0, 0, 0",ハバタクカミ,ラムの実,おくびょう,こだいかっせい,じめん,"ドレインキッス, ちょうはつ, めいそう, テラバースト","108, 0, 4, 252, 4, 140",ハッサム,きあいのタスキ,いじっぱり,テクニシャン,あく,"はたきおとす, バレットパンチ, インファイト, カウンター","236, 252, 20, 0, 0, 0"
396,1913,Sui,https://suirenbani.hatenablog.com/entry/2025/03/08/220527,ラグラージ,オボンのみ,のんき,げきりゅう,はがね,"じならし, クイックターン, はたきおとす, ステルスロック","252, 0, 20, 0, 236, 0",バドレックス(こくばじょう),きあいのタスキ,おくびょう,じんばいったい,くさ,"アストラルビット, ギガドレイン, わるだくみ, アンコール","0, 0, 4, 252, 0, 252",カイリュー,いかさまダイス,いじっぱり,マルチスケイル,ノーマル,"スケイルショット, じしん, しんそく, りゅうのまい","132, 252, 4, 0, 28, 92",ウーラオス(れんげき),こだわりハチマキ,いじっぱり,ふかしのこぶし,みず,"すいりゅうれんだ, インファイト, とんぼがえり, アクアジェット","124, 236, 132, 0, 4, 12",パオジアン,くろいメガネ,いじっぱり,わざわいのつるぎ,ほのお,"つららおとし, ふいうち, こおりのつぶて, つるぎのまい","28, 252, 164, 0, 12, 52",ミミッキュ,ゴツゴツメット,いじっぱり,ばけのかわ,ステラ,"じゃれつく, かげうち, のろい, こらえる","164, 156, 180, 0, 4, 4"
398,1913,カジ,https://marutapoke-376.hatenablog.com/entry/2025/03/01/042512,ミュウツー,とつげきチョッキ,ひかえめ,きんちょうかん,じめん,"サイコブレイク, れいとうビーム, だいちのちから, かえんほうしゃ","252, 0, 124, 116, 4, 12",カイリュー,こだわりハチマキ,いじっぱり,マルチスケイル,ノーマル,"げきりん, しんそく, じしん, からげんき","4, 252, 0, 0, 0, 252",カビゴン,たべのこし,しんちょう,めんえき,あく,"かみくだく, じわれ, あくび, まもる","172, 0, 100, 0, 236, 0",ウインディ,ゴツゴツメット,わんぱく,いかく,ノーマル,"フレアドライブ, しんそく, じゃれつく, あさのひざし","252, 4, 252, 0, 0, 0",テツノカイナ,オボンのみ,わんぱく,クォークチャージ,みず,"ドレインパンチ, じしん, れいとうパンチ, ボルトチェンジ","92, 4, 252, 0, 140, 20",ウーラオス(いちげき),きあいのタスキ,いじっぱり,ふかしのこぶし,あく,"あんこくきょうだ, インファイト, つるぎのまい, ふいうち","0, 252, 0, 0, 4, 252"
399,1913,ルナ,https://note.com/luna_iloha/n/na58f2401a28e,コライドン,いかさまダイス,いじっぱり,ひひいろのこどう,はがね,"スケイルショット, アイアンヘッド, つるぎのまい, みがわり","188, 212, 4, 0, 4, 100",ハバタクカミ,ブーストエナジー,おくびょう,こだいかっせい,ノーマル,"ムーンフォース, めいそう, あまえる, いたみわけ","100, 0, 252, 20, 4, 132",パオジアン,きあいのタスキ,ようき,わざわいのつるぎ,ゴースト,"つららおとし, せいなるつるぎ, サイコファング, ふいうち","0, 252, 4, 0, 0, 252",ガチグマ(アカツキ),とつげきチョッキ,ひかえめ,しんがん,ノーマル,"ブラッドムーン, だいちのちから, ハイパーボイス, しんくうは","100, 0, 4, 236, 164, 0",イーユイ,こだわりメガネ,ひかえめ,わざわいのたま,ほのお,"オーバーヒート, あくのはどう, かえんほうしゃ, サイコキネシス","228, 0, 12, 228, 36, 4",ランドロス(れいじゅう),こだわりハチマキ,いじっぱり,いかく,ほのお,"じしん, いわなだれ, とんぼがえり, じならし","116, 140, 4, 0, 236, 12"
401,1912,こうちゃん,https://hashige.hatenadiary.jp/entry/2025/03/01/104148,ザシアン(つるぎのおう),くちたけん,いじっぱり,ふとうのけん,でんき,"きょじゅうざん, じゃれつく, テラバースト, みがわり","220, 236, 0, 0, 0, 52",カイリュー,こだわりハチマキ,いじっぱり,マルチスケイル,ノーマル,"しんそく, げきりん, じしん, アイススピナー","68, 252, 0, 0, 0, 188",ガチグマ(アカツキ),ゴツゴツメット,ずぶとい,しんがん,ほのお,"ブラッドムーン, だいちのちから, しんくうは, つきのひかり","252, 0, 244, 0, 0, 12",パオジアン,きあいのタスキ,いじっぱり,わざわいのつるぎ,あく,"かみくだく, つららおとし, ふいうち, つるぎのまい","0, 252, 4, 0, 0, 252",イーユイ,とつげきチョッキ,ひかえめ,わざわいのたま,ほのお,"かえんほうしゃ, あくのはどう, オーバーヒート, サイコキネシス","252, 0, 4, 196, 52, 4",ハバタクカミ,ブーストエナジー,おくびょう,こだいかっせい,どく,"ムーンフォース, めいそう, ちょうはつ, いたみわけ","164, 0, 164, 28, 4, 148"
405,1911,オルテンシア,https://lucifer-poke.hatenablog.com/entry/2025/03/01/115032,テラパゴス,とつげきチョッキ,ひかえめ,ゼロフォーミング,ステラ,"れいとうビーム, , , ","140, 0, 4, 252, 60, 52",ランドロス(れいじゅう),こだわりスカーフ,ようき,いかく,じめん,", , , ","54, 252, 0, 0, 0, 204",ウーラオス(れんげき),ちからのハチマキ,いじっぱり,ふかしのこぶし,どく,"みがわり, ビルドアップ, すいりゅうれんだ, ドレインパンチ","124, 134, 252, 0, 0, 0",ヘイラッシャ,ゴツゴツメット,わんぱく,てんねん,ほのお,", , , ","252, 0, 252, 0, 4, 0",ドオー,たべのこし,しんちょう,ちょすい,ほのお,"どくまもる, , , ","252, 0, 4, 0, 252, 0",オーガポン,いしずえのめん,いじっぱり,おもかげやどし,いわ,"アンコール, , , ","0, 252, 4, 0, 0, 252"
418,1909,コバルト,https://kobarutooo.hatenablog.com/entry/2025/03/01/152903,バドレックス(くろ),いのちのたま,おくびょう,じんばいったい,じめん,"アストラルビット, サイコショック, テラバースト, くさむすび","4, 0, 0, 252, 0, 252",パーモット,きあいのたすき,ようき,ちくでん,はがね,"でんこうそうげき, インファイト, ほっぺすりすり, さいきのいのり","0, 252, 36, 0, 0, 220",ウーラオス(れんげき),こだわりスカーフ,ようき,ふかしのこぶし,みず,"すいりゅうれんだ, インファイト, とんぼがえり, アクアジェット","0, 252, 4, 0, 0, 252",ヘイラッシャ,ゴツゴツメット,わんぱく,てんねん,フェアリー,"ゆきなだれ, あくび, まもる, ねむる","252, 0, 252, 0, 4, 0",ミミッキュ,ひかりのこな,おくびょう,ばけのかわ,ノーマル,"のろい, みがわり, いたみわけ, でんじは","0, 0, 252, 0, 4, 252",バンギラス,おぼんの実,しんちょう,すなおこし,いわ,"はたきおとす, でんじは, ステルスロック, ほえる","252, 0, 212, 0, 36, 4"
428,1909,やがみ,https://yagami-ri.hatenablog.com/entry/2025/03/02/113519,ホウオウ,こだわりハチマキ,いじっぱり,さいせいりょく,ほのお,"せいなるほのお, ブレイブバード, じしん, フレアドライブ","156, 164, 164, 0, 4, 20",エルフーン,こうこうのしっぽ,おだやか,いたずらごころ,どく,"がむしゃら, おいかぜ, すりかえ, アンコール","0, 0, 252, 0, 252, 0",メタモン,きあいのタスキ,ふめい,へんしん,ノーマル,かわらず,,ウネルミナモ,ゴツゴツメット,ずぶとい,こだいかっせい,ゴースト,"ねっとう, りゅうせいぐん, はたきおとす, アクアジェット","244, 0, 220, 12, 0, 44",ウーラオス,パンチグローブ,いじっぱり,ふかしのこぶし,はがね,"すいりゅうれんだ, きあいパンチ, つるぎのまい, みがわり","124, 252, 4, 0, 4, 124",ランドロス,こだわりスカーフ,いじっぱり,いかく,ひこう,"じしん, とんぼがえり, いわなだれ, テラバースト","0, 252, 0, 0, 0, 252"
433,1908,ショウガ,https://note.com/42051095/n/neab25da001ab,ハバタクカミ,ブーストエナジー,おくびょう,こだいかっせい,ノーマル,"ムーンフォース, ちょうはつ, あまえる, いたみわけ","196, 0, 252, 0, 0, 60",ムゲンダイナ,おんみつマント,おくびょう,プレッシャー,ほのお,"ヘドロばくだん, ほのおのうず, コスモパワー, じこさいせい","188, 0, 84, 0, 236, 0",ディンルー,タラプのみ,わんぱく,わざわいのうつわ,フェアリー,"じしん, テラバースト, ねむる, ねごと","244, 84, 116, 0, 60, 4",ポットデス,しろいハーブ,ずぶとい,のろわれボディ,みず,"アシストパワー, テラバースト, ちからをすいとる, からをやぶる","92, 0, 196, 0, 0, 220",イッカネズミ,こうかくレンズ,いじっぱり,テクニシャン,あく,"ネズミざん, かみつく, おかたづけ, アンコール","0, 252, 4, 0, 0, 252",パオジアン,きあいのタスキ,いじっぱり,わざわいのつるぎ,ステラ,"つららおとし, かみくだく, こおりのつぶて, つるぎのまい","0, 252, 4, 0, 0, 252"
434,1908,atコ,https://atsutokofrog.blog.fc2.com/blog-entry-96.html,バドレックス(はくば),たべのこし,わんぱく,じんばいったい,みず,"ブリザードランス, みがわり, やどりぎのタネ, まもる","252, 4, 76, 0, 132, 44",ミミッキュ,こだわりスカーフ,ようき,ばけのかわ,くさ,"じゃれつく, のろい, トリック, みちづれ","4, 252, 0, 0, 0, 252",タケルライコ,こだわりメガネ,ひかえめ,こだいかっせい,ドラゴン,"りゅうせいぐん, ボルトチェンジ, りゅうのはどう, じんらい","52, 0, 252, 196, 4, 4",ウーラオス(れんげき),こだわりハチマキ,いじっぱり,ふかしのこぶし,ノーマル,"すいりゅうれんだ, インファイト, とんぼがえり, アクアジェット","0, 236, 228, 0, 0, 44",イーユイ,とつげきチョッキ,ひかえめ,わざわいのたま,ほのお,"オーバーヒート, あくのはどう, ふんえん, カタストロフィ","228, 0, 4, 196, 60, 20",ドオー,オボンのみ,しんちょう,ちょすい,ゴースト,"じしん, どくどく, ステルスロック, じこさいせい","252, 0, 4, 0, 252, 0"
445,1907,AQ,https://aq230901-pokemon.hateblo.jp/entry/2025/03/01/133828,カイオーガ,食べ残し,ずぶとい,あめふらし,フェアリー,"なみのり, テラバースト, めいそう, まもる","252, 0, 244, 0, 0, 12",テツノワダチ,とつげきチョッキ,ようき,クォークチャージ,みず,"じしん, アイアンヘッド, ワイルドボルト, アイアンテール","76, 140, 4, 0, 188, 100",ウーラオス(いちげきのかた),ゴツゴツメット,わんぱく,ふかしのこぶし,ノーマル,"みずながれうち, ドレインパンチ, アクアジェット, とんぼがえり","252, 44, 212, 0, 0, 0",パオジアン,きあいのタスキ,いじっぱり,わざわいのつるぎ,こおり,"つららおとし, いわなだれ, かわらわり, こおりのつぶて","0, 252, 4, 0, 0, 252",ゴリランダー,グラスシード,いじっぱり,グラスメイカー,ほのお,"グラススライダー, じゅうまんばりき, アクロバット, つるぎのまい","140, 116, 252, 0, 0, 0",ハバタクカミ,ブーストエナジー,おくびょう,こだいかっせい,ノーマル,"ムーンフォース, ちょうはつ, めいそう, いたみわけ","100, 0, 252, 4, 4, 148"
451,1906,ヒサ,https://kyuka0012.hatenablog.com/entry/2025/03/04/225931,バドレックス(くろうま),ラムのみ,ひかえめ,じんばいったい,くさ,"アストラルビット, ギガドレイン, わるだくみ, こうそくいどう","172, 0, 252, 44, 4, 36",ウーラオス(れんげき),パンチグローブ,いじっぱり,ふかしのこぶし,みず,"すいりゅうれんだ, きあいパンチ, アクアジェット, みがわり","108, 236, 148, 0, 4, 12",オーガポン(ほのお),かまどのめん,いじっぱり,かたやぶり→おもかげやどし,ほのお,"ツタこんぼう, ウッドホーン, つるぎのまい, くさわけ","236, 4, 84, 0, 4, 180",ランドロス(れいじゅう),とつげきチョッキ,ゆうかん,いかく,はがね,"じしん, かみくだく, とんぼがえり, かわらわり","244, 4, 4, 0, 252, 4",オーロンゲ,ひかりのねんど,しんちょう,いたずらごころ,ほのお,"ソウルクラッシュ, リフレクター, ひかりのかべ, ちょうはつ","244, 4, 84, 0, 164, 12",ブリジュラス,イバンのみ,ずぶとい,がんじょう,フェアリー,"りゅうせいぐん, ラスターカノン, ほえる, ステルスロック","44, 0, 116, 124, 4, 220"
471,1904,カゼヲイタミ,https://kasanax.hatenablog.com/entry/2025/03/01/143944,バドレックス(くろ),こだわりスカーフ,おくびょう,不明,かくとう,"アストラルビット, テラバースト, トリック, アンコール","28, 0, 100, 220, 12, 148",ランドロス(れいじゅう),こだわりハチマキ,いじっぱり,不明,ひこう,"じしん, テラバースト, いわなだれ, とんぼがえり","0, 252, 0, 0, 0, 252",ポリゴン2,しんかのきせき,おだやか,トレース,フェアリー,"トライアタック, れいとうビーム, トリックルーム, じこさいせい","244, 0, 12, 0, 252, 0",ドヒドイデ,たべのこし,わんぱく,不明,フェアリー,"どくどく, トーチカ, みがわり, じこさいせい","252, 0, 220, 0, 0, 36",ウーラオス(れんげき),きあいのタスキ,いじっぱり,不明,ステラ,"すいりゅうれんだ, インファイト, アクアジェット, カウンター","0, 252, 0, 0, 0, 252",ヒードラン,オボンのみ,ずぶとい,不明,フェアリー,"マグマストーム, だいちのちから, おにび, ちょうはつ","252, 0, 188, 0, 76, 0"
474,1904,ゆんた。,https://note.com/hakailove/n/n0a688394d09d,黒バドレックス,こだわりメガネ,おくびょう,不明,フェアリー,"アストラルビット, サイコキネシス, テラバースト(フェアリー), リーフストーム","52, 0, 84, 60, 60, 252",ディンルー,オボンのみ,わんぱく,不明,ハガネ,"カタストロフィ, ステルスロック, まきびし, ふきとばし","-1, 0, 220, -1, -1, -1",ゴリランダー,とつげきチョッキ,しんちょう,不明,ノーマル,"グラススライダー, ドラムアタック, はたきおとす, とんぼがえり","252, 0, -1, 0, 252, 0",ホノオオーガポン,かまどのめん,わんぱく,不明,ほのお,"つたこんぼう(ほのお), ウッドホーン, つるぎのまい, ちょうはつ","252, 0, 236, 0, 0, 20",パオジアン,こだわりハチマキ,いじっぱり,不明,あく,"つららおとし, かみくだく, ふいうち, こおりのつぶて","0, 252, -1, 0, 0, 252",ランドロス,ゴツゴツメット,わんぱく,不明,みず,不明,"252, 0, 252, 0, -1, 0"
477,1903,ひあ,https://h1apokemon.hatenablog.com/entry/2025/03/01/121355,02,57,8D ,D,BF,"68 ,  68 9  115 ,  3  DF  ,  3 99","252, 0, 4, 116, 116, 20",CA7  0,F8F,A 9,9 ,A ,"E13 78,  3 07 , D , C130123","244, 4, 244, 0, 4, 12",D,"7])),",9 7,10,B ,"E C , CF14,  9D , B ","156, 116, 116, 0, 4, 116",C,"74,",D,B,,"46,  E , C 9 , A ","252, 252, 0, 0, 0, 4",75,E 2B77,9 8,F8,2 ,"D 7 , B,  F9 73,  ","0, 252, 4, 0, 0, 252",D6,B,B,B,9,C ,"228, 0, 252, 4, 4, 20"
486,1903,ひとりおもう,https://shigure3333.hatenablog.com/entry/2025/03/01/191721,バドレックス(はくば),たべのこし,わんぱく,じんばいったい,みず,"ブリザードランス, やどりぎのタネ, まもる, みがわり","252, 0, 220, 0, 0, 36",ミミッキュ,こだわりスカーフ,むじゃき,ばけのかわ,ノーマル,"じゃれつく, のろい, トリック, みちづれ","4, 252, 0, 0, 0, 252",ドオー,オボンのみ,おだやか,ちょすい,ゴースト,"どくどく, どくびし, じこさいせい, だいちのちから","252, 0, 4, 0, 252, 0",イーユイ,とつげきチョッキ,ひかえめ,わざわいのたま,いわ,"オーバーヒート, あくのはどう, テラバースト, サイコキネシス","164, 0, 0, 100, 0, 244",メタモン,きあいのタスキ,なまいき,かわりもの,ノーマル,"へんしん, , , ","252, 0, 0, 0, 0, 0",キラフロル,ふうせん,ひかえめ,どくげしょう,ゴースト,"パワージェム, だいちのちから, キラースピン, ステルスロック","4, 0, 0, 252, 0, 252"
491,1902,ZINNIA,https://penpenpendlar.hatenablog.com/entry/2025/03/01/182228,カイオーガ,オボンの実,ふめい,ふめい,でんき,"めいそう, れいとうビーム, ふめい, ふめい","0, 0, 0, 0, 0, 0",ハバタクカミ,ふめい,ふめい,ブーストエナジー,ノーマル,"ちょうはつ, でんじは, ふめい, ふめい","0, 0, 0, 0, 0, 0",イダイトウ♂,のろいのおふだ,ふめい,てきおうりょく,ノーマル,"みがわり, ふめい, ふめい, ふめい","0, 0, 0, 0, 0, 0",ミミッキュ,いのちのたま,ふめい,ふめい,じめん,"トリックルーム, のろい, ふめい, ふめい","0, 0, 0, 0, 0, 0",パオジアン,きあいのタスキ,ふめい,ふめい,こおり,"つららおとし, こおりのつぶて, かわらわり, つるぎのまい","0, 0, 0, 0, 0, 0",ブリジュラス,とつげきチョッキ,ふめい,ふめい,フェアリー,"ふめい, ふめい, ふめい, ふめい","0, 0, 0, 0, 0, 0"
505,1900,かに,https://kanigame.hatenablog.com/entry/2025/03/01/185128,ムゲンダイナ,たべのこし,おだやか,プレッシャー,ほのお,"じこさいせい, どくびし, ヘドロばくだん, ほのおのうず","252, 0, 4, 0, 252, 0",グライオン,どくどくだま,わんぱく,ポイズンヒール,フェアリー,"まもる, みがわり, じしん, どくどく","228, 4, 116, 0, 20, 140",ヘイラッシャ,ゴツゴツメット,わんぱく,てんねん,フェアリー,"ねむる, ねごと, ウェーブタックル, じしん","252, 0, 252, 0, 4, 0",ラッキー,しんかのきせき,おだやか,しぜんかいふく,あく,"たまごうみ, めいそう, ちきゅうなげ, ステルスロック","4, 0, 252, 0, 252, 0",アローラベトベトン,くろいヘドロ,なまいき,どくしゅ,どく,"まもる, はたきおとす, どくづき, かげうち","252, 4, 0, 0, 252, 0",ガチグマ,おんみつマント,ずぶとい,しんがん,どく,"つきのひかり, めいそう, ハイパーボイス, だいちのちから","252, 0, 252, 0, 4, 0"
562,1889,スカーレット,https://ikumi1020.hatenablog.com/entry/2025/03/02/191105,コライドン,こだわりスカーフ,ようき,ひひいろのこどう,ほのお,"フレアドライブ, げきりん, インファイト, とんぼがえり","0, 252, 4, 0, 0, 252",ハバタクカミ,こだわりメガネ,おくびょう,こだいかっせい,ステラ,"ムーンフォース, シャドーボール, テラバースト, パワージェム","100, 0, 132, 4, 252, 20",ラグラージ,オボンのみ,のんき,げきりゅう,あく,"クイックターン, はたきおとす, じしん, ステルスロック","252, 0, 20, 0, 236, 0",パオジアン,きあいのタスキ,ようき,わざわいのつるぎ,でんき,"つららおとし, ふいうち, テラバースト, つるぎのまい","0, 252, 4, 0, 0, 252",ガチグマ,ゴツゴツメット,ひかえめ,しんがん,どく,"ブラッドムーン, だいちのちから, めいそう, つきのひかり","252, 0, 244, 12, 0, 0",キョジオーン,たべのこし,のんき,きよめのしお,ゴースト,"しおづけ, まもる, のろい, じこさいせい","252, 0, 140, 0, 116, 0"
575,1885,ななみ,https://nanami2000.hatenablog.jp/entry/2025/03/01/131931,ザマゼンタ,くちたたて,ふめい,ふくつのたて,みず,"かみくだく, みがわり, こうそくいどう, ","0, 0, 0, 0, 0, 0",ラティオス,こころのしずく,ふめい,ふめい,はがね,"みがわり, みらいよち, ボディプレス, ","0, 0, 0, 252, 0, 0",サーフゴー,たべのこし,ふめい,ふめい,ノーマル,"ふめい, ふめい, ふめい, ふめい","0, 0, 0, 0, 0, 0",エンテイ,こだわりハチマキ,ふめい,ふめい,ノーマル,"しんそく, , , ","0, 252, 0, 0, 0, 0",マスカーニャ,きあいのタスキ,ふめい,ふめい,いわ,"はたきおとす, トリックフラワー, テラバースト, ","0, 252, 20, 0, 0, 0",ランドロス（かしん）,こだわりスカーフ,ふめい,ちからずく,じめん,"だいちのちから, かみくだく, , ","0, 0, 0, 252, 0, 0"
579,1884,しょー,https://esura0060.hatenablog.com/entry/2025/03/02/201059,ザシアン,くちたけん,ようき,ふとうのけん,みず,"きょじゅうざん, じゃれつく, テラバースト, つるぎのまい","172, 156, 4, 0, 12, 164",カイリュー,こだわりハチマキ,いじっぱり,マルチスケイル,ノーマル,"しんそく, げきりん, ほのおのパンチ, じしん","4, 252, 0, 0, 0, 252",キョジオーン,たべのこし,わんぱく,きよめのしお,ゴースト,"しおづけ, のろい, まもる, じこさいせい","252, 4, 164, 0, 76, 12",オーガポン,かまどのめん,いじっぱり,かたやぶり/おもかげやどし,ほのお,"つたこんぼう, パワーウィップ, はたきおとす, ちょうはつ","252, 84, 4, 0, 4, 164",ガチグマ(アカツキ),とつげきチョッキ,ひかえめ,しんがん,ノーマル,"ブラットムーン, ハイパーボイス, だいちのちから, しんくうは","148, 0, 4, 204, 148, 4",ハバタクカミ,きあいのタスキ,おくびょう,こだいかっせい,ノーマル,"ムーンフォース, たたりめ, いたみわけ, でんじは","4, 0, 0, 252, 0, 252"
581,1884,カイン,https://26.hatenadiary.com/entry/2025/03/01/213427,カイオーガ,とつげきチョッキ,ひかえめ,あめふらし,でんき,"しおふき, なみのり, れいとうビーム, かみなり","244, 0, 36, 156, 12, 60",ランドロス,こだわりスカーフ,いじっぱり,いかく,ひこう,"じしん, テラバースト, とんぼがえり, かみくだく","20, 252, 4, 0, 4, 228",ブリジュラス,オボンのみ,わんぱく,じきゅうりょく,どく,"ボディプレス, ヘビーボンバー, イカサマ, てっぺき","252, 0, 252, 0, 4, 0",キョジオーン,たべのこし,しんちょう,きよめのしお,くさ,"しおづけ, じこさいせい, まもる, のろい","252, 0, 20, 0, 236, 0",ハバタクカミ,ブーストエナジー,ずぶとい,こだいかっせい,ノーマル,"ムーンフォース, サイコショック, めいそう, いたみわけ","244, 0, 244, 4, 4, 12",パオジアン,きあいのタスキ,いじっぱり,わざわいのつるぎ,でんき,"つららおとし, テラバースト, こおりのつぶて, つるぎのまい","0, 252, 4, 0, 0, 252"
587,1883,つゆだく,https://tsuyudaku.hatenablog.com/entry/2025/03/01/154908,ルナアーラ,たべのこし,ずぶとい,ファントムガード,どく,"めいそう, シャドーレイ, ムーンフォース, つきのひかり","228, 0, 236, 4, 4, 36",カイリュー,こだわりハチマキ,いじっぱり,マルチスケイル,ノーマル,"しんそく, じしん, けたぐり, げきりん","164, 252, 0, 0, 0, 92",ウーラオス(れんげき),こだわりスカーフ,いじっぱり,ふかしのこぶし,みず,"すいりゅうれんだ, インファイト, とんぼがえり, アイススピナー","0, 252, 4, 0, 0, 252",ディンルー,とつげきチョッキ,しんちょう,わざわいのうつわ,くさ,"じしん, しっぺがえし, テラバースト, カタストロフィ","4, 236, 0, 0, 252, 12",ガラルマタドガス,オボンのみ,ずぶとい,かがくへんかガス,ゴースト,"どくびし, ワンダースチーム, いたみわけ, どくどく","252, 0, 252, 0, 4, 0",オーガポン（ほのお）,かまどのめん,いじっぱり,かたやぶり,ほのお,"つたこんぼう, はたきおとす, ウッドホーン, ちょうはつ","236, 220, 0, 0, 0, 44"
601,1882,ダイオキシン,https://sida-daiokisin.hatenablog.com/entry/2025/03/01/191716,ネクロズマ(ニッショク),じゃくてんほけん,ようき,プリズムアーマー,じめん,"フォトンゲイザー, じしん, あさのひざし, りゅうのまい","244, 28, 4, 0, 4, 228",マスカーニャ,きあいのタスキ,いじっぱり,しんりょく,くさ,"トリックフラワー, はたきおとす, どくびし, ふいうち","0, 252, 0, 0, 4, 252",キョジオーン,たべのこし,わんぱく,きよめのしお,くさ,"しおづけ, じこさいせい, まもる, みがわり","252, 0, 4, 0, 252, 0",アシレーヌ,とつげきチョッキ,ひかえめ,げきりゅう,フェアリー,"うたかたのアリア, ムーンフォース, シャドーボール, アクアジェット","252, 0, 0, 252, 4, 0",キラフロル,こだわりスカーフ,ひかえめ,どくげしょう,ステラ,"ヘドロウェーブ, パワージェム, だいちのちから, マジカルシャイン","4, 0, 0, 252, 0, 252",ハバタクカミ,ブーストエナジー,おくびょう,こだいかっせい,みず,"ムーンフォース, シャドーボール, マジカルフレイム, あまえる","244, 0, 124, 4, 4, 132"
613,1880,あまとぅー。,https://amatooo-poke.hatenablog.jp/entry/2025/03/01/174102,ハバタクカミ,ブーストエナジー,ずぶとい,こだいかっせい,みず,"ムーンフォース, ちょうはつ, めいそう, いたみわけ","244, 0, 244, 4, 4, 12",ルナアーラ,たべのこし,ひかえめ,ファントムガード,はがね,"シャドーレイ, れいとうビーム, コスモパワー, つきのひかり","228, 0, 140, 100, 20, 20",カイリュー,ゴツゴツメット,いじっぱり,マルチスケイル,ノーマル,"しんそく, じしん, ドラゴンテール, はねやすめ","244, 252, 4, 0, 4, 4",ガブリアス,こだわりスカーフ,いじっぱり,さめはだ,はがね,"じしん, げきりん, アイアンヘッド, かみくだく","28, 252, 4, 0, 4, 220",アシレーヌ,おんみつマント,れいせい,うるおいボイス,ノーマル,"ムーンフォース, サイコノイズ, クイックターン, アンコール","252, 4, 180, 60, 12, 0",ハリーセン（ヒスイ）,しんかのきせき,わんぱく,いかく,じめん,"どくばりセンボン, どくびし, いたみわけ, ちょうはつ","244, 0, 84, 0, 180, 0"
614,1880,せいこりん,https://seiyapoke.hatenablog.com/entry/2025/03/01/201436,ルカリオ,きあいのタスキ,いじっぱり,せいしんりょく,はがね,"インファイト, バレットパンチ, いのちがけ, カウンター","92, 236, 0, 0, 0, 180",ザシアン,くちたけん,いじっぱり,ふとうのつるぎ,ノーマル,"きょじゅうざん, じゃれつく, インファイト, でんこうせっか","188, 236, 0, 0, 0, 84",カイリュー,いかさまダイス,いじっぱり,マルチスケイル,じめん,"スケショ, じしん, アンコール, りゅうまい","0, 252, 0, 0, 0, 252",ガチグマ(アカツキ),オボンのみ,ひかえめ,しんがん,ほのお,"ブラッドムーン, だいちのちから, あくび, つきのひかり","252, 0, 88, 44, 100, 4",イーユイ,こだわりスカーフ,ひかえめ,わざわいのたま,ほのお,"オーバーヒート, あくのはどう, かえんほうしゃ, サイコキネシス","0, 0, 0, 252, 0, 252",パオジアン,いのちのたま,いじっぱり,わざわいのつるぎ,でんき,"つららおとし, ふいうち, テラバースト, つるぎのまい","0, 252, 0, 0, 0, 252"
641,1877,ゆ,https://yuruchi0412.hatenablog.com/entry/2025/03/01/101409,ムゲンダイナ,ゴツゴツメット,おくびょう,プレッシャー,みず,"ダイマックスほう, かえんほうしゃ, じこさいせい, どくどく","76, 0, 252, 4, 4, 172",ハッサム,とつげきチョッキ,いじっぱり,テクニシャン,あく,"とんぼがえり, バレットパンチ, はたきおとす, インファイト","252, 20, 0, 0, 238, 0",パオジアン,こだわりハチマキ,ようき,わざわいのつるぎ,あく,"つららおとし, かみくだく, ふいうち, こおりのつぶて","0, 252, 126, 0, 0, 132",ハバタクカミ,きあいのタスキ,おくびょう,こだいかっせい,じめん,"ムーンフォース, シャドーボール, テラバースト, ほろびのうた","0, 0, 0, 252, 0, 252",チオンジェン,たべのこし,おだやか,わざわいのおふだ,フェアリー,"イカサマ, まもる, カタストロフィ, やどりぎのタネ","252, 0, 140, 0, 116, 0",ランドロス (霊獣),こだわりスカーフ,ようき,いかく,はがね,"じしん, いわなだれ, とんぼがえり, ステルスロック","0, 252, 4, 0, 0, 252"
649,1876,テリオン,https://tadano-shitsuji.hatenablog.com/entry/2025/03/03/195750,ミライドン,とつげきチョッキ,ひかえめ,ハドロンエンジン,フェアリー,"イナズマドライブ, りゅうせいぐん, マジカルシャイン, ボルトチェンジ","172, 0, 28, 196, 36, 76",イイネイヌ,ざんぱん,いじっぱり,ばんけん,ゴースト,"ドレインパンチ, どくづき, みがわり, のろい","108, 92, 100, 0, 204, 4",ドヒドイデ,ゴツゴツメット,ふめい,さいせいりょく,くさ,"トーチカ, どくびし, じこさいせい, くろいきり","252, 0, 252, 0, 4, 0",ディンルー,フィラのみ,しんちょう,わざわいのうつわ,フェアリー,"じしん, カタストロフィ, ステルスロック, ふきとばし","196, 4, 36, 0, 252, 20",アーマーガア,オボンのみ,なまいき,プレッシャー,あく,"アイアンヘッド, とんぼがえり, ちょうはつ, はねやすめ","52, 0, 4, 0, 252, 0",フワライド,エレキシード,ずぶとい,かるわざ,ノーマル,"シャドーボール, ちからをすいとる, ちいさくなる, バトンタッチ","0, 0, 244, 0, 164, 100"
651,1876,はなみずき,https://plusodawara.hatenablog.com/entry/2025/03/01/204616,ザマゼンタ,不明,わんぱく,不明,みず,"みがわり, やどりぎのタネ, 不明, 不明","188, 0, 156, 0, 0, 164",トドロクツキ,不明,いじっぱり,不明,じめん,"不明, 不明, 不明, 不明","4, 252, 0, 0, 0, 252",テツノブジン,不明,むじゃき,不明,はがね,"アンコール, 不明, 不明, 不明","92, 4, 44, 220, 0, 148",ママンボウ,不明,のんき,不明,よう,"ねがいごと, 不明, 不明, 不明","244, 0, 252, 0, 12, 0",ガチグマ(アカツキ),不明,ひかえめ,不明,どく,"不明, 不明, 不明, 不明","148, 0, 0, 196, 164, 0",カイリュー,不明,いじっぱり,不明,不明,"りゅうのまい, 不明, 不明, 不明","36, 252, 0, 0, 0, 220"
660,1876,2だいめやほ,https://yahokinnotama.hatenablog.com/entry/2025/03/01/222840,バドレックス(くろうま),こだわりスカーフ,おくびょう,じんばいったい,ノーマル,"アストラルビット, サイコキネシス, はかいこうせん, トリック","124, 0, 4, 188, 20, 172",ウーラオス(れんげき),きあいのタスキ,いじっぱり,ふかしのこぶし,ステラ,"すいりゅうれんだ, インファイト, アイススピナー, アクアジェット","0, 252, 4, 0, 0, 252",ディンルー,とつげきチョッキ,いじっぱり,わざわいのうつわ,フェアリー,"じしん, じわれ, カタストロフィ, テラバースト","4, 236, 4, 0, 236, 28",カイリュー,いかさまダイス,いじっぱり,マルチスケイル,ノーマル,"スケイルショット, しんそく, アイアンヘッド, りゅうのまい","196, 220, 0, 0, 0, 92",ウルガモス,あつぞこブーツ,おくびょう,ほのおのからだ,くさ,"ほのおのまい, おにび, ちょうのまい, あさのひざし","244, 0, 212, 4, 4, 44",ブリジュラス,イバンのみ,うっかりや,がんじょう,ひこう,"ヘビーボンバー, りゅうせいぐん, でんじは, ステルスロック","0, 0, 4, 252, 0, 252"
674,1874,ライラ,https://note.com/leal_eel7218/n/nb1dd843b52ff,テラパゴス,たべのこし,ひかえめ,テラスシェル,ステラ,"テラクラスター, めいそう, まもる, ロックカット","172, 0, 0, 228, 0, 108",ミミッキュ,ゴツゴツメット,いじっぱり,ばけのかわ,じめん,"かげうち, じゃれつく, のろい, こらえる","224, 196, 84, 0, 0, 0",オーガポン(ほのお),かまどのめん,いじっぱり,かたやぶり,ほのお,"ツタこんぼう, ウッドホーン, つるぎのまい, アンコール","156, 108, 156, 0, 4, 84",キラフロル,レッドカード,ずぶとい,どくげしょう,ゴースト,"キラースピン, パワージェム, ステルスロック, どくびし","252, 0, 252, 0, 4, 0",パオジアン,きあいのタスキ,ようき,わざわいのつるぎ,でんき,"つららおとし, テラバースト, こおりのつぶて, つるぎのまい","0, 252, 4, 0, 0, 252",ディンルー,オボンのみ,わんぱく,わざわいのうつわ,どく,"じしん, カタストロフィ, ステルスロック, ふきとばし","244, 0, 12, 0, 232, 16"
675,1874,あやかな,https://note.com/gifted_parrot590/n/n3e4c0d2e2461,ネクロズマ(ニッショク),オボンのみ,ゆうかん(S0),プリズムアーマー,みず,"メテオドライブ, フォトンゲイザー, つるぎのまい, トリックルーム","244, 252, 12, 0, 0, 0",カイリュー,こだわりハチマキ,いじっぱり,マルチスケイル,ノーマル,"げきりん, じしん, アイススピナー, しんそく","244, 252, 12, 0, 0, 0",ガチグマ(アカツキ),シルクのスカーフ,れいせい(S0),しんがん,ノーマル,"ブラッドムーン, ハイパーボイス, だいちのちから, しんくうは","244, 0, 0, 252, 12, 0",イーユイ,こだわりメガネ,ひかえめ,わざわいのたま,あく,"オーバーヒート, あくのはどう, かえんほうしゃ, バークアウト","244, 0, 12, 252, 0, 0",ミミッキュ,ゴツゴツメット,わんぱく,ばけのかわ,ドラゴン,"じゃれつく, かげうち, トリックルーム, のろい","244, 28, 236, 0, 0, 0",ウーラオス(れんげき),きあいのタスキ,いじっぱり,ふかしのこぶし,すい,"すいりゅうれんだ, インファイト, アイススピナー, アクアジェット","0, 252, 4, 0, 0, 252"
677,1874,サトシ,https://note.com/loyal_coyote714/n/n6d66521abdd5,黒バドレックス,ラムの実,ひかえめ,じんばいったい,フェアリー,"アストラルビット, ドレインキッス, わるだくみ, こうそくいどう","124, 0, 180, 164, 4, 36",ママンボウ,ゴツゴツメット,のんき,さいせいりょく,どく,"クイックターン, こごえるかぜ, ねがいごと, まもる","244, 4, 252, 0, 4, 0",ヤミラミ,ひかりのねんど,しんちょう,いたずらごころ,ノーマル,"はたきおとす, リフレクター, ひかりのかべ, アンコール","252, 0, 0, 0, 132, 124",オーガポン(ほのお),かまどのめん,いじっぱり,おもかげやどし,ほのお,"ツタこんぼう, ウッドホーン, くさわけ, つるぎのまい","172, 172, 4, 0, 4, 156",ディンルー,オボンのみ,しんちょう,わざわいのうつわ,どく,"カタストロフィ, がんせきふうじ, ステルスロック, ふきとばし","244, 4, 60, 0, 188, 12",アローラベトベトン,イバンのみ,しんちょう,くいしんぼう,ノーマル,"はたきおとす, どくづき, おきみやげ, ちょうはつ","244, 0, 244, 0, 20, 0"
684,1874,カミホ,https://kamipoke.hatenablog.com/entry/2025/03/01/155723,ミライドン,こだわりスカーフ,ひかえめ,不明,フェアリー,,"220, 0, 4, 252, 4, 28",ハッサム,こだわりハチマキ,いじっぱり,不明,ひこう,,"252, 252, 4, 0, 0, 0",ランドロス,とつげきチョッキ,ゆうかん,不明,はがね,"いわおとし, じわれ, , ","244, 12, 0, 0, 252, 0",ウーラオス,きあいのタスキ,いじっぱり,不明,ステラ,"つるぎのまい, , , ","0, 252, 4, 0, 0, 252",ヒートロトム,たべのこし,ずぶとい,不明,フェアリー,"ボルチェン, いたみわけ, おにび, イカサマ","252, 0, 252, 0, 4, 0",テツノカイナ,オボンのみ,わんぱく,不明,ほのお,"つるぎのまい, , , ","92, 4, 252, 0, 140, 20"
719,1871,じごくもん,https://note.com/fzigokumon/n/n60938cafbe34,カイオーガ,とつげきチョッキ,ひかえめ,あめふらし,でんき,"しおふき, なみのり, かみなり, れいとうビーム","252, 0, 76, 92, 12, 76",パオジアン,きあいのタスキ,ようき,わざわいのつるぎ,ゴースト,"つららおとし, ふいうち, サイコファング, つるぎのまい","0, 252, 4, 0, 0, 252",キョジオーン,たべのこし,わんぱく,きよめのしお,ゴースト,"しおづけ, のろい, まもる, じこさいせい","252, 0, 116, 0, 140, 0",カイリュー,いかさまダイス,いじっぱり,マルチスケイル,はがね,"スケイルショット, アイアンヘッド, しんそく, りゅうのまい","4, 252, 0, 0, 0, 252",ウーラオス(れんげき),こだわりスカーフ,いじっぱり,ふかしのこぶし,みず,"すいりゅうれんだ, インファイト, アクアジェット, とんぼがえり","4, 252, 0, 0, 0, 252",ハバタクカミ,こだわりメガネ,おくびょう,こだいかっせい,ステラ,"ムーンフォース, シャドーボール, パワージェム, テラバースト","148, 0, 100, 116, 4, 140"
720,1871,ナノ,https://nano-labo.hatenablog.com/entry/2025/03/08/160504,テラパゴス,こだわりメガネ,ひかえめ,テラスシェル,ステラ,"テラクラスター, だいちのちから, れいとうビーム, ラスターカノン","4, 0, 0, 252, 0, 252",キラフロル,きあいのタスキ,おくびょう,どくげしょう,じめん,"マジカルシャイン, マッドショット, キラースピン, どくびし","4, 0, 0, 252, 0, 252",ミミッキュ,ゴツゴツメット,いじっぱり,ばけのかわ,ひこう,"じゃれつく, かげうち, のろい, こらえる","228, 252, 20, 0, 4, 20",メタモン,こだわりスカーフ,なまいき,へんしん,ノーマル,へんしん,"252, 0, 4, 0, 252, 0",ハバタクカミ,ブーストエナジー,おくびょう,ふめい,ドラゴン,"ムーンフォース, シャドーボール, ほろびのうた, まもる","196, 0, 180, 116, 4, 12",オーガポン,かまどのめん,ようき,ふめい,ほのお,"ツタこんぼう, ウッドホーン, がんせきふうじ, アンコール","156, 100, 20, 0, 156, 76"
727,1871,たくや,https://catan.hatenablog.com/entry/2025/03/01/165128,コライドン,こだわりハチマキ,いじっぱり,ひひいろのこどう,なし,"げきりん, インファイト, フレアドライブ, ニトロチャージ","92, 252, 12, 0, 52, 100",ハバタクカミ,こだわりメガネ,ひかえめ,こだいかっせい,なし,"ムーンフォース, シャドーボール, パワージェム, テラバースト","20, 0, 204, 252, 4, 28",オオニューラ,チイラのみ,ようき,かるわざ,なし,"フェイタルクロー, きしかいせい, はやてがえし, こらえる","108, 36, 164, 0, 44, 156",ディンルー,とつげきチョッキ,わんぱく,わざわいのうつわ,なし,"じしん, しっぺがえし, ヘビーボンバー, じわれ","244, 4, 68, 0, 164, 28",カイリュー,ゴツゴツメット,ずぶとい,マルチスケイル,なし,"エアスラッシュ, でんじは, アンコール, はねやすめ","244, 0, 196, 12, 4, 52",サーフゴー,こだわりスカーフ,おくびょう,おうごんのからだ,なし,"ゴールドラッシュ, シャドーボール, じこさいせい, トリック","212, 0, 20, 12, 12, 252"
755,1869,かな,https://notarihinemos.hatenablog.com/entry/2025/03/03/080412,バンギラス,さらさらいわ,しんちょう,すなおこし,ひこう,"はたきおとす, けたぐり, ステルスロック, ほえる","252, 0, 0, 0, 204, 52",ドリュウズ,いのちのたま,いじっぱり,すなかき,くさ,"じしん, アイアンヘッド, テラバースト, つるぎのまい","0, 252, 4, 0, 0, 252",コライドン,いかさまダイス,いじっぱり,ひひいろのこどう,ほのお,"スケイルショット, やけっぱち, みがわり, ビルドアップ","172, 212, 20, 0, 4, 100",ハバタクカミ,こだわりメガネ,おくびょう,こだいかっせい,ほのお,"ムーンフォース, シャドーボール, マジカルフレイム, パワージェム","4, 0, 0, 252, 0, 252",イーユイ,こだわりスカーフ,ひかえめ,こだいかっせい,ほのお,"かえんほうしゃ, オーバーヒート, あくのはどう, サイコキネシス","4, 0, 0, 252, 0, 252",ガチグマ(アカツキ),たべのこし,ひかえめ,しんがん,ほのお,"ブラッドムーン, だいちのちから, しんくうは, あくび","244, 0, 88, 0, 172, 4"
767,1868,スミレ,https://note.com/ponponty/n/nff2f6c5fb14f,バドレックス(くろうま),こだわりメガネ,おくびょう,じんばいったい,フェアリー,"アストラルビット, テラバースト, サイコショック, トリック","0, 0, 100, 156, 0, 252",パーモット,きあいのタスキ,ようき,ちくでん,ほのお,"インファイト, はたきおとす, ほっぺすりすり, さいきのいのり","0, 148, 108, 0, 0, 252",ミミッキュ,ゴツゴツメット,いじっぱり,ばけのかわ,ステラ,"じゃれつく, かげうち, のろい, こらえる","228, 236, 20, 0, 4, 20",カイリュー,こだわりハチマキ,いじっぱり,マルチスケイル,ノーマル,"しんそく, げきりん, じしん, からげんき","132, 252, 4, 0, 12, 108",ゴリランダー,グラスシード,いじっぱり,グラスメイカー,ほのお,"グラススライダー, アクロバット, 10まんばりき, つるぎのまい","140, 116, 252, 0, 0, 0",ガチグマ(アカツキ),たべのこし,ひかえめ,しんがん,どく,"ハイパーボイス, つきのひかり, めいそう, あくび","252, 0, 20, 36, 180, 20"
775,1868,すんみ,https://tamaranzaka.hatenablog.com/entry/2025/03/01/202632,ザシアン(けんのおう),くちたけん,いじっぱり,ふとうのけん,みず,"きょじゅうざん, じゃれつく, くさわけ, テラバースト","252, 180, 68, 0, 4, 4",アシレーヌ,とつげきチョッキ,ひかえめ,うるおいボイス,ノーマル,"うたかたのアリア, ムーンフォース, シャドーボール, アクアジェット","252, 0, 0, 188, 68, 0",パオジアン,いのちのたま,ようき,わざわいのつるぎ,でんき,"つららおとし, テラバースト, ふいうち, つるぎのまい","0, 252, 4, 0, 0, 252",ウーラオス(いちげき),きあいのタスキ,いじっぱり,ふかしのこぶし,ステラ,"あんこくきょうだ, インファイト, ふいうち, ちょうはつ","0, 252, 4, 0, 0, 252",カイリュー,いかさまダイス,いじっぱり,マルチスケイル,じめん,"スケイルショット, じしん, しんそく, りゅうのまい","132, 252, 0, 0, 0, 124",ガチグマ(アカツキ),ゴツゴツメット,ずぶとい,しんがん,ほのお,"ブラッドムーン, だいちのちから, しんくうは, つきのひかり","252, 0, 244, 0, 0, 12"
814,1867,ベイン,https://note.com/vain_empty/n/n4c8a97644c9a,ムゲンダイナ,ふうせん,ひかえめ,プレッシャー,ゴースト,"ダイマックスほう, ヘドロばくだん, どくびし, じこさいせい","0, 0, 228, 52, 0, 228",クレベース,あつぞこブーツ,わんぱく,がんじょう,みず,"つららばり, ボディプレス, てっぺき, じこさいせい","252, 4, 252, 0, 0, 0",ラッキー,しんかのかがやき,おだやか,しぜんかいふく,じめん,"ちきゅうなげ, めいそう, ステルスロック, タマゴうみ","4, 0, 252, 0, 252, 0",ウネルミナモ,いのちのたま,おくびょう,こだいかっせい,はがね,"ハイドロスチーム, りゅうのはどう, テラバースト, みがわり","4, 0, 4, 244, 4, 252",アラブルタケ,たべのこし,しんちょう,こだいかっせい,どく,"かみくだく, クリアスモッグ, キノコのほうし, こうごうせい","252, 4, 0, 0, 252, 0",グライオン,どくどくだま,しんちょう,ポイズンヒール,はがね,"じしん, はたきおとす, つるぎのまい, まもる","228, 0, 84, 0, 132, 0"
817,1867,ユキ,https://akaiyuki.hatenablog.com/entry/2025/03/05/202222,エルフーン,オボンのみ,ひかえめ,すりぬけ,あく,"ムーンフォース, くさむすび, テラバースト, ちょうはつ","0, 0, 52, 252, 0, 204",モンメン,しんかのきせき,ずぶとい,いたずらごころ,みず,"やどりぎのタネ, みがわり, まもる, アンコール","252, 0, 244, 0, 12, 0",ホウオウ,たべのこし,しんちょう,さいせいりょく,でんき,"せいなるほのお, まもる, じこさいせい, ふきとばし","252, 0, 4, 0, 252, 0",ヘイラッシャ,ゴツゴツメット,わんぱく,てんねん,フェアリー,"ウェーブタックル, のろい, まもる, ねむる","252, 0, 252, 0, 4, 0",キラフロル,レッドカード,ずぶとい,どくけしょう,くさ,"パワージェム, マジカルシャイン, キラースピン, ステルスロック","252, 0, 252, 4, 0, 0",グライオン,どくどくだま,ようき,ポイズンヒール,はがね,"ちょうはつ, どくびし, みがわり, まもる","212, 0, 4, 0, 36, 252"
836,1866,バイオレット,https://note.com/tan930yk1225/n/n088bfae0594e,ハバタクカミ,ブーストエナジー,おくびょう,こだいかっせい,はがね,"こごえるかぜ, でんじは, ちょうはつ, おきみやげ","4, 0, 252, 0, 0, 252",ドーブル,きあいのタスキ,おくびょう,ムラっけ,くさ,"ちいさくなる, みがわり, ちょうはつ, バトンタッチ","4, 0, 252, 0, 0, 252",バドレックス(こくば),しろいハーブ,おくびょう,じんばいったい,ようせい,"アシストパワー, ドレインキッス, みがわり, ちょうはつ","188, 0, 68, 0, 0, 252",ブリムオン,こうこうのしっぽ,のんき,マジックミラー,じめん,"ほっぺすりすり, サイコフィールド, ミストバースト, トリック","228, 0, 156, 0, 124, 0",エルフーン,ゴツゴツメット,ひかえめ,いたずらごころ,ほのお,"ムーンフォース, テラバーストほのお, グラスフィールド, おいかぜ","140, 0, 4, 252, 4, 108",テツノワダチ,とつげきチョッキ,ようき,クォークチャージ,くさ,"アイアンヘッド, じならし, テラバーストくさ, こうそくスピン","0, 252, 28, 0, 0, 228"
837,1866,まぐね,https://magune0301.hatenablog.com/entry/2025/03/06/200335,ザシアン(けんのおう),くちたけん,いじっぱり,ふとうのけん,でんき,"きょじゅうざん, じゃれつく, テラバースト, みがわり","188, 236, 0, 0, 0, 84",カイリュー,こだわりハチマキ,いじっぱり,マルチスケイル,ノーマル,"げきりん, じしん, アイススピナー, しんそく","4, 252, 0, 0, 0, 252",ランドロス(かしん),こだわりスカーフ,ひかえめ,ちからずく,くさ,"だいちのちから, ヘドロウェーブ, くさむすび, とんぼがえり","4, 0, 0, 252, 0, 252",アシレーヌ,とつげきチョッキ,ひかえめ,げきりゅう,みず,"うたかたのアリア, ムーンフォース, シャドーボール, アクアジェット","252, 0, 4, 188, 60, 4",ガチグマ(アカツキ),アッキのみ,ひかえめ,しんがん,ほのお,"ブラッドムーン, だいちのちから, めいそう, つきのひかり","252, 0, 172, 4, 68, 12",パオジアン,きあいのタスキ,ようき,わざわいのつるぎ,あく,"つららおとし, かみくだく, かわらわり, ふいうち","0, 252, 4, 0, 0, 252"
844,1866,ペンギン,https://ebipoke844.hatenablog.com/entry/2025/03/03/210447,ルナアーラ,からぶりほけん,おくびょう,ファントムガード,フェアリー,"シャドーレイ, ゆめくい, ムーンフォース, さいみんじゅつ","20, 0, 36, 252, 4, 196",メタモン,こだわりスカーフ,ふめい,かわりもの,フェアリー,"へんしん, , , ","252, 0, 0, 0, 0, 0",ディンルー,たべのこし,しんちょう,わざわいのうつわ,どく,"カタストロフィ, ステルスロック, まきびし, ふきとばし","212, 0, 52, 0, 244, 0",オーガポン,いどのめん,ようき,ちょすい,みず,"ツタこんぼう, ウッドホーン, つるぎのまい, みがわり","60, 252, 4, 0, 4, 188",ラティオス,おんみつマント,おくびょう,ふゆう,はがね,"はどうだん, サイコノイズ, じこさいせい, めいそう","204, 0, 252, 0, 0, 52",ドサイドン,きあいのタスキ,いじっぱり,ハードロック,くさ,"ストーンエッジ, じしん, つのドリル, メタルバースト","244, 252, 0, 0, 0, 12"
880,1864,マゼンタ,https://plusodawara.hatenablog.com/entry/2025/03/01/204616,ザマゼンタ,ふめい,わんぱく,ふめい,みず,"みがわり, やどりぎのタネ, おにび, せいえん","0, 0, 188, 0, 156, 164",トドロクツキ,ふめい,いじっぱり,ふめい,じめん,"ふめい, ふめい, ふめい, ふめい","4, 252, 0, 0, 0, 252",テツノブジン,ふめい,むじゃき,ふめい,はがね,"アンコール, ふめい, ふめい, ふめい","92, 4, 44, 220, 0, 148",ママンボウ,ふめい,のんき,ふめい,フェアリー,"ねがいごと, ふめい, ふめい, ふめい","244, 0, 252, 0, 12, 0",ガチグマ(アカツキ),ふめい,ひかえめ,ふめい,どく,"ふめい, ふめい, ふめい, ふめい","148, 0, 0, 196, 164, 0",カイリュー,ふめい,いじっぱり,ふめい,ふめい,"りゅうのまい, ふめい, ふめい, ふめい","36, 252, 0, 0, 0, 220"
890,1863,NONO,https://nono0196.hatenablog.com/entry/2025/03/05/213253,テラパゴス,こだわりメガネ,ひかえめ,テラスシェル / ゼロフォーミング,ステラ,"テラクラスター, あくのはどう, だいちのちから, れいとうビーム","4, 0, 0, 252, 0, 252",ミミッキュ,ゴツゴツメット,いじっぱり,ばけのかわ,ノーマル,"じゃれつく, かげうち, こらえる, のろい","228, 252, 0, 0, 4, 4",ラティアス,きあいのタスキ,ひかえめ,ふゆう,フェアリー,"りゅうせいぐん, みわくのボイス, おいかぜ, いやしのねがい","0, 0, 60, 236, 0, 212",ウーラオス(あく),こだわりハチマキ,いじっぱり,ふかしのこぶし,あく,"あんこくきょうだ, インファイト, ふいうち, ドレインパンチ","0, 252, 0, 0, 4, 252",ハッサム,とつげきチョッキ,いじっぱり,テクニシャン,はがね,"バレットパンチ, はたきおとす, かわらわり, とんぼがえり","0, 252, 0, 0, 0, 252",マシマシラ,こだわりスカーフ,ひかえめ,おみとおし,ゴースト,"サイコノイズ, ヘドロばくだん, すてゼリフ, トリック","0, 0, 180, 76, 0, 252"
894,1863,まーぼー,https://mabo-nebo.hatenablog.com/entry/2025/03/01/192835,コライドン,たべのこし,ふめい,ふめい,ひこう,"ビルドアップ, ニトロチャージ, どわすれ, ちょうはつ","0, 0, 0, 0, 216, 252",オーロンゲ,ふめい,ふめい,ふめい,ふめい,"ちょうはつ, リフレクター, ひかりのかべ, ソウルクラッシュ","0, 0, 0, 0, 252, 0",キラフロル,ジャポのみ,ふめい,ふめい,ふめい,"パワージェム, どくびし, ステルスロック, スピン","0, 0, 252, 0, 0, 4",ハバタクカミ,おんみつマント,ふめい,ふめい,ひこう,"ムーンフォース, ふめい, ふめい, ふめい","0, 0, 252, 0, 0, 0",スナノケガワ,いのちのたま,ふめい,ふめい,ふめい,"ふめい, ふめい, ふめい, ふめい","0, 0, 4, 0, 0, 0",イーユイ,ふめい,ふめい,ふめい,ふめい,"ふめい, ふめい, ふめい, ふめい","0, 0, 0, 0, 0, 0"
896,1863,うみはる,https://note.com/kaiseido_poke/n/n20ebf2172cb0,ランターン,オボンのみ,おだやか,ちくでん,はがね,"うずしお, かいでんぱ, ほうでん, れいとうビーム","68, 0, 0, 188, 252, 0",黒バドレックス,きあいのタスキ,おくびょう,じんばいったい,ステラ,"アストラルビット, サイコショック, くさむすび, アンコール","0, 0, 4, 252, 0, 252",ウーラオス(すいがた),こだわりハチマキ,いじっぱり,ふかしのこぶし,ノーマル,"すいりゅうれんだ, インファイト, からげんき, とんぼがえり","0, 236, 100, 0, 0, 172",ハッサム,ゴツゴツメット,いじっぱり,テクニシャン,ノーマル,"バレットパンチ, とんぼがえり, はたきおとす, きりばらい","236, 252, 0, 0, 20, 0",ランドロス(れいじゅうフォルム),とつげきチョッキ,なまいき,いかく,ノーマル,"じしん, かみくだく, くさむすび, とんぼがえり","244, 12, 0, 0, 252, 0",オニシズクモ,ばんのうがさ,しんちょう,すいほう,フェアリー,"アクアブレイク, がむしゃら, こわいかお, ねばねばネット","252, 0, 196, 0, 60, 0"
899,1863,カノープス,https://canopusriucotz.hatenablog.com/entry/2025/03/01/213545,ランドロス(れいじゅう),こだわりハチマキ,いじっぱり,いかく,どく,"じしん, がんせきふうじ, とんぼがえり, ステルスロック","212, 116, 4, 0, 140, 36",ミライドン,いのちのたま,おくびょう,ハドロンエンジン,フェアリー,"イナズマドライブ, りゅうせいぐん, マジカルシャイン, まもる","4, 0, 4, 244, 4, 252",エンテイ,たべのこし,いじっぱり,プレッシャー,ノーマル,"せいなるほのお, しんそく, ストーンエッジ, まもる","164, 196, 60, 0, 84, 4",ドドゲザン,とつげきチョッキ,いじっぱり,まけんき,じめん,"ふいうち, アイアンヘッド, テラバースト, ハサミギロチン","252, 116, 4, 0, 116, 20",パオジアン,こだわりスカーフ,いじっぱり,わざわいのつるぎ,くさ,"つららおとし, かみくだく, サイコファング, テラバースト","156, 244, 4, 0, 4, 100",ヘイラッシャ,せんせいのツメ,のんき,てんねん,フェアリー,"ウェーブタックル, のろい, ねごと, ねむる","252, 28, 196, 0, 28, 0"
918,1862,SV,https://note.com/alphasama/n/n886d09a7d2d5,シロバドレックス,オボンのみ,ゆうかん,じんばいったい,でんき,"ブリザードランス, テラバースト, トリックルーム, やどりぎのタネ","252, 148, 0, 0, 108, 0",ミミッキュ,ゴツゴツメット,いじっぱり,ばけのかわ,みず,"じゃれつく, かげうち, のろい, トリックルーム","228, 236, 44, 0, 0, 0",ウーラオス,こだわりのハチマキ,いじっぱり,ふかしのこぶし,みず,"すいりゅうれんだ, インファイト, アクアジェット, とんぼがえり","204, 252, 4, 0, 4, 44",ガチグマ,かえんだま,いじっぱり,こんじょう,みず,"からげんき, じしん, ちょうはつ, つるぎのまい","4, 252, 0, 0, 252, 0",ブリジュラス,パワフルハーブ,おくびょう,がんじょう,ステラ,"ラスターカノン, りゅうせいぐん, エレクトロビーム, メテオビーム","4, 0, 0, 252, 0, 252",ハバタクカミ,ブーストエナジー,おくびょう,こだいかっせい,どく,"ムーンフォース, ちょうはつ, いたみわけ, めいそう","4, 0, 252, 0, 0, 252"
919,1862,アルトマーレ,https://hayate-hyphen.hatenablog.com/entry/2025/03/01/211422,ムゲンダイナ,こだわりメガネ,ひかえめ,プレッシャー,ほのお,"ダイマックスほう, りゅうせいぐん, ヘドロばくだん, かえんほうしゃ","44, 0, 28, 252, 4, 180",ウーラオス(れんげき),こだわりハチマキ,いじっぱり,ふかしのこぶし,みず,"すいりゅうれんだ, インファイト, アイススピナー, とんぼがえり","12, 220, 244, 0, 4, 28",パオジアン,きあいのタスキ,いじっぱり,わざわいのつるぎ,あく,"つららおとし, ふいうち, かわらわり, つるぎのまい","0, 252, 4, 0, 0, 252",メタモン,こだわりスカーフ,なまいき,かわりもの,ノーマル,"へんしん, , , ","252, 0, 0, 0, 0, 0",ヘイラッシャ,ゴツゴツメット,わんぱく,てんねん,フェアリー,"じしん, ゆきなだれ, ねむる, あくび","252, 0, 252, 0, 4, 0",ランドロス(れいじゅう),とつげきチョッキ,ゆうかん,いかく,みず,"じしん, じわれ, がんせきふうじ, とんぼがえり","212, 44, 0, 0, 252, 0"
926,1861,あいくま,https://note.com/aikumaaan/n/n83f6402fcb4d,バドレックス(クロウマ),こだわりメガネ,おくびょう,じんばいったい,フェアリー,"アストラルビット, サイコキネシス, リーフストーム, テラバースト","124, 0, 4, 124, 4, 252",ウーラオス(れんげき),こだわりハチマキ,いじっぱり,ふかしのこぶし,ステラ,"すいりゅうれんだ, インファイト, アクアジェット, アイススピナー","108, 236, 116, 0, 4, 44",カイリュー,いかさまダイス,ようき,せいしんりょく,はがね,"スケイルショット, しんそく, アイアンヘッド, りゅうのまい","4, 252, 0, 0, 0, 252",ランドロス(レイジュウ),ゴツゴツメット,のんき,いかく,ほのお,"じしん, がんせきふうじ, とんぼがえり, ステルスロック","252, 0, 252, 0, 4, 0",ラグラージ,とつげきチョッキ,なまいき,げきりゅう,あく,"クイックターン, じしん, はたきおとす, ミラーコート","252, 0, 4, 0, 252, 0",オーガポン(ほのお),かまどのめん,いじっぱり,かたやぶり,ほのお,"ツタこんぼう, ウッドホーン, でんこうせっか, つるぎのまい","252, 228, 4, 0, 4, 20"
940,1860,(ENG),https://attem-ptpk.hatenablog.com/entry/2025/03/06/160437,テラパゴス,たべのこし,ひかえめ,テラスシェル,ステラ,"テラクラスター, まもる, めいそう, みがわり","180, 0, 180, 20, 12, 116",マタドガス (ガラル),ふうせん,ずぶとい,かがくへんかガス,どく,"ワンダースチーム, いたみわけ, おにび, どくびし","252, 0, 236, 0, 20, 0",ミミッキュ,ゴツゴツメット,わんぱく,ばけのかわ,みず,"じゃれつく, かげうち, こらえる, のろい","244, 20, 236, 0, 4, 4",ディンルー,オボンのみ,しんちょう,わざわいのうつわ,どく,"カタストロフィ, ステルスロック, まきびし, ふきとばし","244, 4, 68, 0, 188, 4",カイリュー,あつぞこブーツ,いじっぱり,マルチスケイル,ノーマル,"しんそく, じしん, りゅうのまい, はねやすめ","244, 180, 4, 0, 60, 20",ハバタクカミ,きあいのタスキ,おくびょう,こだいかっせい,ゴースト,"ムーンフォース, たたりめ, でんじは, ほろびのうた","4, 0, 0, 252, 0, 252"
959,1859,いくまろ,https://note.com/ymik0820/n/nd40fa14c8eef,バドレックス(くろ),こだわりメガネ,おくびょう,じんばいったい,フェアリー,,"124, 0, 4, 124, 4, 252",キョジオーン,,,,くさ,,,ウーラオス(みず),,,,ノーマル,,,カイリュー,いかさまダイス,いじっぱり,マルチスケイル,じめん,"スケイルショット, じしん, しんそく, りゅうのまい","0, 252, 4, 0, 0, 252",ゴリランダー,とつげきチョッキ,いじっぱり,グラスメイカー,ノーマル,"ドラムアタック, はたきおとす, グラススライダー, とんぼがえり","132, 116, 4, 0, 252, 0",パオジアン,きあいのタスキ,いじっぱり,わざわいのつるぎ,でんき,"つららおとし, テラバースト, ふいうち, つるぎのまい","0, 252, 4, 0, 0, 252"
963,1859,れんぴょろ,https://note.com/renpyoro_poke/n/n1f7f2937ce17,ギラティナ(オリジン),だいはっきんだま,れいせい,ふゆう,ゴースト,"ポルターガイスト, かげうち, シャドーボール, りゅうせいぐん","0, 252, 0, 252, 4, 0",バンギラス,とつげきチョッキ,いじっぱり,すなおこし,ほのお,"はたきおとす, がんせきふうじ, アイアンヘッド, ほのおのパンチ","252, 124, 0, 0, 134, 0",ハッサム,こだわりハチマキ,いじっぱり,テクニシャン,かくとう,"バレットパンチ, とんぼがえり, ダブルウイング, インファイト","252, 252, 4, 0, 0, 0",ランドロス(霊獣),こだわりスカーフ,ようき,いかく,ひこう,"じしん, とんぼがえり, じわれ, テラバースト","4, 252, 0, 0, 0, 252",ウーラオス(れんげき),ゴツゴツメット,いじっぱり,ふかしのこぶし,みず,"すいりゅうれんだ, ドレインパンチ, みがわり, つるぎのまい","204, 132, 116, 0, 52, 4",ハバタクカミ,きあいのタスキ,おくびょう,こだいかっせい,じめん,"ムーンフォース, シャドーボール, テラバースト, いたみわけ","4, 0, 0, 252, 0, 252"
