rank,name,rating,pokemon1_name,pokemon1_item,pokemon1_nature,pokemon1_ability,pokemon1_Ttype,pokemon1_moves,pokemon1_effort,pokemon2_name,pokemon2_item,pokemon2_nature,pokemon2_ability,pokemon2_Ttype,pokemon2_moves,pokemon2_effort,pokemon3_name,pokemon3_item,pokemon3_nature,pokemon3_ability,pokemon3_Ttype,pokemon3_moves,pokemon3_effort,pokemon4_name,pokemon4_item,pokemon4_nature,pokemon4_ability,pokemon4_Ttype,pokemon4_moves,pokemon4_effort,pokemon5_name,pokemon5_item,pokemon5_nature,pokemon5_ability,pokemon5_Ttype,pokemon5_moves,pokemon5_effort,pokemon6_name,pokemon6_item,pokemon6_nature,pokemon6_ability,pokemon6_Ttype,pokemon6_moves,pokemon6_effort
1,アスノヨゾラ,2174,ホウオウ,ゴツゴツメット,わんぱく,さいせいりょく,フェアリー,"せいなるほのお, おにび, ひかりのかべ, じこさいせい","252, 0, 236, 0, 0, 20",ラッキー,しんかのきせき,なまいき,しぜんかいふく,はがね,"ちきゅうなげ, めいそう, ステルスロック, タマゴうみ","12, 0, 252, 0, 244, 0",ヘイラッシャ,たべのこし,わんぱく,てんねん,ほのお,"じわれ, ウェーブタックル, まもる, ねむる","252, 0, 244, 0, 0, 12",グライオン,どくどくだま,ようき,ポイズンヒール,フェアリー,"じしん, どくどく, みがわり, まもる","228, 4, 68, 0, 4, 204",アーマーガア,おんみつマント,わんぱく,プレッシャー,ゴースト,"アイアンヘッド, ちょうはつ, きりばらい, はねやすめ","252, 0, 0, 252, 0, 4",アローラベトベトン,くろいヘドロ,しんちょう,どくしゅ,どく,"どくづき, はたきおとす, かげうち, まもる","252, 0, 4, 0, 252, 0"
5,ビッパ,2136,ミライドン,とつげきチョッキ,ひかえめ,ハドロンエンジン,こおり,"イナズマドライブ, りゅうせいぐん, テラバースト, ボルトチェンジ","236, 0, 4, 252, 12, 4",ハッサム,オボンのみ,いじっぱり,テラスタル,ノーマル,"バレットパンチ, ダブルウイング, インファイト, つるぎのまい","252, 76, 68, 0, 108, 4",パオジアン,きあいのタスキ,いじっぱり,わざわいのつるぎ,ほのお,"つららおとし, せいなるつるぎ, テラバースト, ふいうち","0, 252, 4, 0, 0, 252",テツノワダチ,こだわりハチマキ,いじっぱり,クォークチャージ,じめん,"じしん, アイアンヘッド, アイススピナー, ワイルドボルト","12, 148, 4, 0, 124, 220",テツノカイナ,たべのこし,いじっぱり,クォークチャージ,ほのお,"ドレインパンチ, サンダーダイブ, れいとうパンチ, つるぎのまい","108, 116, 252, 0, 4, 28",ウーラオス(れんげき),パンチグローブ,いじっぱり,ふかしのこぶし,ノーマル,"すいりゅうれんだ, ドレインパンチ, アクアジェット, つるぎのまい","204, 196, 100, 0, 4, 4"
7,スカーレット,2128,ルナアーラ,こだわりスカーフ,ひかえめ,ファントムガード,フェアリー,"シャドーレイ, ムーンフォース, トリック, つきのひかり","0, 0, 12, 244, 0, 252",カイリュー,こだわりハチマキ,いじっぱり,マルチスケイル,ノーマル,"しんそく, げきりん, けたぐり, じしん","116, 252, 140, 0, 0, 0",パオジアン,きあいのタスキ,ようき,わざわいのつるぎ,はがね,"つららおとし, ふいうち, ちょうはつ, つるぎのまい","0, 252, 4, 0, 0, 252",ディンルー,とつげきチョッキ,いじっぱり,わざわいのうつわ,はがね,"じしん, カタストロフィ, ヘビーボンバー, じわれ","4, 236, 4, 0, 188, 76",キョジオーン,たべのこし,わんぱく,きよめのしお,みず,"しおづけ, まもる, みがわり, じこさいせい","252, 0, 156, 0, 52, 44",オーガポン(かまど),かまどのおめん,いじっぱり,かたやぶり,ほのお,"ツタこんぼう, ウッドホーン, いわなだれ, でんこうせっか","236, 204, 4, 0, 4, 60"
10,ヘルメッポ,2121,ディンルー,オボンのみ,わんぱく,わざわいのうつわ,みず,"じしん, まきびし, ステルスロック, ふきとばし","244, 0, 36, 0, 220, 4",カイリュー,たべのこし,わんぱく,マルチスケイル,ノーマル,"ドラゴンテール, しんそく, みがわり, はねやすめ","228, 0, 180, 0, 4, 92",ザシアン(けんのおう),くちたけん,ようき,ふとうのけん,ノーマル,"きょじゅうざん, じゃれつく, くさわけ, つるぎのまい","172, 156, 4, 0, 12, 164",ガチグマ(アカツキ),シルクのスカーフ,ひかえめ,しんがん,ノーマル,"ブラッドムーン, ハイパーボイス, しんくうは, つきのひかり","252, 0, 84, 172, 0, 0",サーフゴー,こだわりメガネ,ひかえめ,おうごんのからだ,ステラ,"ゴールドラッシュ, シャドーボール, 10まんボルト, トリック","212, 0, 4, 60, 4, 228",ヘイラッシャ,ゴツゴツメット,わんぱく,てんねん,フェアリー,"じわれ, あくび, まもる, ねむる","252, 0, 252, 0, 4, 0"
19,キャル,2088,バドレックス(こくば),きあいのタスキ,おくびょう,じんばいったい,フェアリー,"アストラルビット, サイコショック, リーフストーム, わるだくみ","0, 252, 4, 0, 0, 252",カイリュー,シルクのスカーフ,いじっぱり,マルチスケイル,ノーマル,"しんそく, げきりん, けたぐり, じしん","228, 252, 28, 0, 0, 0",オーガポン(かまど),かまどのおめん,いじっぱり,かたやぶり,ほのお,"ツタこんぼう, ウッドホーン, でんこうせっか, つるぎのまい","172, 252, 0, 0, 84, 0",ディンルー,オボンのみ,わんぱく,わざわいのうつわ,ほのお,"じしん, カタストロフィ, ふきとばし, ステルスロック","244, 0, 36, 0, 220, 4",ハバタクカミ,ブーストエナジー,おくびょう,こだいかっせい,はがね,"ムーンフォース, あまえる, めいそう, いたみわけ","84, 0, 252, 132, 20, 20",ウーラオス(れんげき),とつげきチョッキ,いじっぱり,ふかしのこぶし,フェアリー,"すいりゅうれんだ, インファイト, テラバースト, アクアジェット","188, 252, 20, 0, 4, 44"
23,俺出現神呆然,2071,コライドン,とつげきチョッキ,いじっぱり,ひひいろのこどう,ほのお,"フレアドライブ, ニトロチャージ, ドレインパンチ, とんぼがえり","172, 196, 20, 0, 12, 108",ハバタクカミ,こだわりメガネ,おくびょう,こだいかっせい,フェアリー,"ムーンフォース, シャドーボール, パワージェム, ほろびのうた","4, 0, 124, 124, 4, 252",ヘイラッシャ,ゴツゴツメット,わんぱく,てんねん,フェアリー,"じわれ, ゆきなだれ, あくび, ねむる","236, 4, 196, 0, 60, 12",ガチグマ(アカツキ),きあいのタスキ,ひかえめ,しんがん,ノーマル,"ブラッドムーン, だいちのちから, しんくうは, あくび","4, 0, 0, 252, 0, 252",イーユイ,ふうせん,ひかえめ,わざわいのたま,ゴースト,"かえんほうしゃ, あくのはどう, わるだくみ, ちょうはつ","4, 0, 0, 252, 0, 252",ハッサム,おんみつマント,いじっぱり,テクニシャン,あく,"バレットパンチ, はたきおとす, インファイト, つるぎのまい","252, 156, 92, 0, 4, 4"
30,中野二乃(CHS),2064,ザシアン(けんのおう),くちたけん,ようき,ふとうのけん,ノーマル,"きょじゅうざん,インファイト,でんこうせっか,つるぎのまい","172,156,4,0,12,164",カバルドン,オボンのみ,しんちょう,すなおこし,ほのお,"じしん,あくび,ステルスロック,ふきとばし","252,0,4,0,252,0",カイリュー,こだわりハチマキ,いじっぱり,マルチスケイル,ひこう,"げきりん,しんそく,じしん,テラバースト","68,252,0,0,0,252",イーユイ,こだわりスカーフ,おくびょう,わざわいのたま,くさ,"オーバーヒート,かえんほうしゃ,あくのはどう,テラバースト","4,0,0,252,0,252",ハバタクカミ,こだわりメガネ,おくびょう,こだいかっせい,じめん,"ムーンフォース,シャドーボール,テラバースト,ほろぼのうた","4,0,0,252,0,252",マスカーニャ,きあいのタスキ,いじっぱり,しんりょく,ゴースト,"トリックフラワー,はたきおとす,ふいうち,トリプルアクセル","0,252,0,0,4,252"
32,ギルガルド,2061,ザシアン(けんのおう),くちたけん,いじっぱり,ふとうのけん,ノーマル,"きょじゅうざん,じゃれつく,でんこうせっか,つるぎのまい","188,252,4,0,4,60",ディンルー,オボンのみ,わんぱく,わざわいのうつわ,みず,"カタストロフィ,まきびし,ステルスロック,ふきとばし","244,0,36,0,228,0",カイリュー,たべのこし,いじっぱり,マルチスケイル,ノーマル,"しんそく,じしん,ドラゴンテール,はねやすめ","228,124,140,0,12,4",オーガポン(かまど),かまどのめん,いじっぱり,かたやぶり,ほのお,"ツタこんぼう,ウッドホーン,つるぎのまい,アンコール","236,76,156,0,4,36",ハバタクカミ,きあいのタスキ,おくびょう,こだいかっせい,どく,"ムーンフォース,めいそう,ちょうはつ,いたみわけ","4,0,0,252,0,252",ウーラオス(れんげき),こだわりスカーフ,いじっぱり,ふかしのこぶし,でんき,"すいりゅうれんだ,インファイト,かみなりパンチ,とんぼがえり","0,252,4,0,0,252"
33,スカーレット,2060,ミライドン,エレキシード,ひかえめ,ハドロンエンジン,みず,"イナズマドライブ,テラバースト,りゅうのはどう,こうそくいどう","124,0,12,252,4,116",テツノワダチ,ブーストエナジー,ようき,クォークチャージ,ゴースト,"じならし,ステルスロック,こうそくスピン,がむしゃら","204,4,84,0,4,212",パオジアン,きあいのタスキ,いじっぱり,わざわいのつるぎ,でんき,"つららおとし,テラバースト,つるぎのまい,ふいうち","0, 252, 4, 0, 0, 252",ハッサム,オボンのみ,いじっぱり,テクニシャン,ノーマル,"はたきおとす,インファイト,バレットパンチ,つるぎのまい","244,36,116,0,100,12",カイリュー,いかさまダイス,いじっぱり,せいしんりょく,はがね,"スケイルショット,アイアンヘッド,りゅうのまい,アンコール","4,252,0,0,0,252",ミミッキュ,イバンのみ,おくびょう,ばけのかわ,ゴースト,"のろい,みがわり,みちづれ,いたみわけ","4,0,252,0,0,252"
34,わたぼう,2058,ザシアン(けんのおう),くちたけん,いじっぱり,ふとうのけん,でんき,"きょじゅうざん, じゃれつく, テラバースト, みがわり","188, 252, 4, 0, 12, 52",カイリュー,こだわりハチマキ,いじっぱり,マルチスケイル,ノーマル,"しんそく, じしん, げきりん, アイススピナー","68, 252, 0, 0, 0, 188",キョジオーン,たべのこし,しんちょう,きよめのしお,くさ,"しおづけ, まもる, じこさいせい, みがわり","252, 0, 0, 0, 244, 12",ハバタクカミ,きあいのタスキ,おくびょう,こだいかっせい,フェアリー,"ムーンフォース, シャドーボール, ちょうはつ, いたみわけ","4, 0, 0, 252, 0, 252",ハッサム,オボンのみ,いじっぱり,テクニシャン,ノーマル,"バレットパンチ, たたきおとす, ダブルウィング, つるぎのまい","252, 76, 172, 0, 4, 4",コライドン,いかさまダイス,ようき,ひひいろのこどう,はがね,"スケイルショット, アイアンヘッド, アクセルブレイク, ちょうはつ","0, 252, 4, 0, 0, 252"
35,するめひめ,2055,ムゲンダイナ,たべのこし,おくびょう,プレッシャー,ほのお,"まもる,みがわり,かえんほうしゃ,ダイマックスほう","76,0,4,244,4,180",パオジアン,きあいのタスキ,いじっぱり,わざわいのつるぎ,こおり,"つららおとし,こおりのつぶて,サイコファング,つるぎのまい","0,252,4,0,0,252",ヘイラッシャ,ゴツゴツメット,ずぶとい,てんねん,フェアリー,"ゆきなだれ,じしん,ねむる,ねごと","252,0,196,0,60,0",グライオン,どくどくだま,しんちょう,ポイズンヒール,あく,"はたきおとす,ちょうはつ,まもる,どくどく","228,4,20,0,252,4",ゴリランダー,とつげきチョッキ,いじっぱり,グラスメイカー,ほのお,"ドラムアタック,グラススライダー,はたきおとす,とんぼがえり","140,116,0,0,252,0",ディンルー,オボンのみ,しんちょう,わざわいのうつわ,どく,"まきびし,ステルスロック,じしん,ふきとばし","212,4,116,0,172,4"
37,ちゃこすけ,2053,ドーブル,きあいのタスキ,おくびょう,ムラっけ,みず,"キノコのほうし,ねをはる,ちいさくなる,バトンタッチ","0,0,252,0,0,252",テラパゴス(テラスタル),たべのこし,おくびょう,テラスシェル,ステラ,"みがわり,めいそう,テラクラスター,ほえる","44,0,0,212,0,252",ハバタクカミ,ブーストエナジー,おくびょう,こだいかっせい,フェアリー,"ムーンフォース,でんじは,こごえるかぜ,ちょうはつ","0,0,0,252,0,252",サーフゴー,ひかりごけ,おくびょう,おうごんのからだ,みず,"ラスターカノン,みがわり,わるだくみ,じこさいせい","244,0,4,4,4,252",アーマーガア,おんみつマント,しんちょう,プレッシャー,あく,"つけあがる,ビルドアップ,ちょうはつ,はねやすめ","252,0,0,0,252,0",エルフーン,ゴツゴツメット,ずぶとい,いたずらごころ,はがね,"ムーンフォース,ちょうはつ,おいかぜ,グラスフィールド","252,0,252,0,0,0"
39,ローライト,2053,ルナアーラ,こだわりスカーフ,ひかえめ,ファントムガード,フェアリー,"シャドーレイ, ムーンフォース, つきのひかり, トリック","4, 0, 12, 236,4,252",ディンルー,オボンのみ,わんぱく,わざわいのうつわ,どく,"ふきとばし, ステルスロック,カタストロフィ,まきびし","244, 0, 12, 0, 252, 0",ドヒドイデ,ゴツゴツメット,わんぱく,さいせいりょく,フェアリー,"アクアブレイク, どくどく, じこさいせい, くろいきり","252, 0, 124, 0, 132, 0",パオジアン,きあいのタスキ,ようき,わざわいのつるぎ,ステラ,"つららおとし, つるぎのまい,こおりのつぶて,ふいうち","0, 252, 4, 0, 0, 252",ハバタクカミ,ブーストエナジー,おくびょう,こだいかっせい,フェアリー,"ムーンフォース, ドレインキッス, ちょうはつ, めいそう","228, 0, 156, 116, 4, 4",カイリュー,あつぞこブーツ,いじっぱり,マルチスケイル,ノーマル,"しんそく, じしん, ドラゴンテール, はねやすめ","244, 252, 4, 0, 4, 4"
41,PH,2051,バドレックス(こくば),こだわりスカーフ,おくびょう,じんばいったい,フェアリー,"アストラルビット,サイコキネシス,おにび,トリック","124,0,12,228,4,140",ディンルー,たべのこし,わんぱく,わざわいのうつわ,はがね,"じしん, カタストロフィ, ステルスロック, まもる","212, 4, 36, 0, 252, 4",カイリュー,ゴツゴツメット,いじっぱり,マルチスケイル,ノーマル,"しんそく, じしん, アンコール, はねやすめ","244, 252, 12, 0, 0, 0",ウーラオス(れんげき),パンチグローブ,いじっぱり,ふかしのこぶし,ノーマル,"すいりゅうれんだ, ドレインパンチ, アクアジェット, れいとうパンチ","60, 252, 188, 4, 0, 4",キラフロル,パワフルハーブ,おくびょう,どくげしょう,くさ,"メテオビーム, パワージェム, アシッドボム, エナジーボール","132, 0, 4, 252, 4, 116",オーガポン(かまど),かまどのめん,いじっぱり,かたやぶり,ほのお,"ツタこんぼう, ウッドホーン, はたきおとす, でんこうせっか","252, 156, 36, 0, 44, 20"
47,スカーレット,2049,ザシアン(けんのおう),くちたけん,いじっぱり,ふとうのけん,みず,"でんこうせっか, きょじゅうざん, じゃれつく, テラバースト","204, 236, 4, 0, 4, 60",カイリュー,こだわりハチマキ,いじっぱり,マルチスケイル,ノーマル,"げきりん, じしん, けたぐり, しんそく","4, 252, 0, 0, 0, 252",ガチグマ(アカツキ),とつげきチョッキ,ひかえめ,しんがん,ノーマル,"ブラッドムーン, ハイパーボイス, だいちのちから, しんくうは","148, 0, 4, 196, 148, 12",イーユイ,こだわりスカーフ,ひかえめ,わざわいのたま,くさ,"オーバーヒート, かえんほうしゃ, あくのはどう, テラバースト","4, 0, 0, 252, 0, 252",パオジアン,きあいのタスキ,いじっぱり,わざわいのつるぎ,あく,"つららおとし, かみくだく, ふいうち, ぜったいれいど","0, 252, 4, 0, 0, 252",キョジオーン,たべのこし,わんぱく,きよめのしお,ほのお,"しおづけ, ボディプレス, てっぺき, じこさいせい","252, 0, 236, 0, 0, 20"
49,運だけの春日(CHT),2048,バドレックス(こくば),きあいのタスキ,おくびょう,じんばいったい,くさ,"アストラルビット,ギガドレイン,わるだくみ,アンコール","0,0,4,252,0,252",ウーラオス(れんげき),きあいのハチマキ,いじっぱり,ふかしのこぶし,みず,"すいりゅうれんだ,インファイト,アクアジェット,とんぼがえり","92,236,172,0,4,4",カイリュー,いかさまダイス,いじっぱり,マルチスケイル,ノーマル,"スケイルショット,じしん,しんそく,りゅうのまい","132,252,4,0,28,92",パオジアン,くろいメガネ,いじっぱり,わざわいのつるぎ,ほのお,"つららおとし,ふいうち,こおりのつぶて,つるぎのまい","28,252,164,0,12,52",ラグラージ,オボンのみ,なまいき,げきりゅう,はがね,"じならし,クイックターン,ステルスロック,はたきおとす","252,0,20,0,236,0",ハバタクカミ,ブーストエナジー,おくびょう,こだいかっせい,でんき,"ムーンフォース,でんじは,あまえる,いたみわけ","100,0,132,20,4,252"
50,バイオレット,2046,バドレックス(こくば),たべのこし,おくびょう,じんばいったい,かくとう,"アストラルビット,テラバースト,まもる,みがわり","140,0,84,84,12,188",グライオン,きあいのタスキ,ようき,かいりきバサミ,あく,"はたきおとす,どくびし,ステルスロック,ちょうはつ","148,132,4,0,4,220",カイリュー,ゴツゴツメット,いじっぱり,マルチスケイル,ノーマル,"しんそく,じしん,ドラゴンテール,はねやすめ","244,124,36,0,100,4",ママンボウ,オボンのみ,おだやか,さいせいりょく,フェアリー,"みがわり,めいそう,バトンタッチ,しんぴのまもり","124,0,132,0,252,0",オーガポン(かまど),かまどのめん,いじっぱり,かたやぶり,ほのお,"ツタこんぼう,ウッドホーン,つるぎのまい,がんせきふうじ","156,156,156,0,4,36",ハッサム,いのちのたま,いじっぱり,テクニシャン,じめん,"バレットパンチ,テラバースト,つるぎのまい,ダブルウイング","188,252,52,0,4,12"
53,ユウナギ,2045,ミライドン,エレキシード,おくびょう,ハドロンエンジン,みず,"イナズマドライブ,りゅうのはどう,テラバースト,めいそう","100,0,12,252,4,140",キョジオーン,たべのこし,わんぱく,きよめのしお,くさ,"しおづけ,まもる,じこさいせい,みがわり","252,0,0,0,244,12",ミミッキュ,こうかくレンズ,ようき,ばけのかわ,ノーマル,"じゃれつく,かげうち,おにび,のろい","36,252,12,0,4,204",ランドロス(れいじゅう),とつげきチョッキ,いじっぱり,いかく,ノーマル,"じしん,とんぼがえり,がんせきふうじ,じわれ","244,0,12,0,252,0",オーガポン(かまど),かまどのめん,いじっぱり,かたやぶり,ほのお,"ツタこんぼう,ウッドホーン,つるぎのまい,でんこうせっか","236,236,4,0,4,28",ウーラオス(れんげき),パンチグローブ,いじっぱり,ふかしのこぶし,はがね,"すいりゅうれんだ,ドレインパンチ,アクアジェット,つるぎのまい","108,236,164,0,0,0"
55,なつめ,2045,ザシアン(けんのおう),くちたけん,ようき,ふとうのけん,みず,"きょじゅうざん,じゃれつく,つるぎのまい,テラバースト","172,156,4,0,12,164",カイリュー,こだわりハチマキ,いじっぱり,マルチスケイル,ノーマル,"しんそく,じしん,げきりん,からげんき","4,252,0,0,0,252",ハバタクカミ,ジャポのみ,おくびょう,こだいかっせい,ノーマル,"ムーンフォース,たたりめ,でんじは,いたみわけ","4,0,252,0,0,252",パオジアン,きあいのタスキ,ようき,わざわいのつるぎ,ゴースト,"つららおとし,せいなるつるぎ,ぜったいれいど,ふいうち","0,252,4,0,0,252",ブリジュラス,オボンのみ,ずぶとい,じきゅうりょく,ひこう,"ラスターカノン,ボディプレス,ステルスロック,ほえる","252,0,252,0,4,0",ガチグマ(アカツキ),とつげきチョッキ,ひかえめ,しんがん,ノーマル,"ブラッドムーン,だいちのちから,しんくうは,ハイパーボイス","36,0,4,252,188,28"
60,AKVきのこ,2043,バドレックス(こくば),こだわりスカーフ,おくびょう,じんばいったい,フェアリー,"アストラルビット,サイコキネシス,おにび,トリック","140,0,12,196,4,156",ディンルー,オボンのみ,わんぱく,わざわいのうつわ,はがね,"じしん,まきびし,ステルスロック,ふきとばし","244,4,28,0,212,20",カイリュー,ゴツゴツメット,いじっぱり,マルチスケイル,ノーマル,"しんそく,じしん,りゅうのまい,はねやすめ","244,236,4,0,4,20",ウーラオス(れんげき),こだわりハチマキ,いじっぱり,ふかしのこぶし,みず,"すいりゅうれんだ,インファイト,アイススピナー,アクアジェット","60,236,180,0,4,28",オーガポン(かまど),かまどのめん,いじっぱり,かたやぶり,ほのお,"ツタこんぼう,じゃれつく,ニードルガード,こうごうせい","252,12,220,0,4,20",カビゴン,たべのこし,しんちょう,あついしぼう,フェアリー,"じしん,テラバースト,あくび,まもる","172,4,92,0,236,4"
63,ヴァイオ,2042,カイオーガ,ジャポのみ,のんき,あめふらし,くさ,"しおふき,なみのり,かみなり,れいとうビーム","252,0,220,4,28,0",ウーラオス(れんげき),きあいのタスキ,いじっぱり,ふかしのこぶし,ステラ,"すいりゅうれんだ,インファイト,アクアジェット,アイススピナー","0,252,4,0,0,252",パオジアン,いのちのたま,いじっぱり,わざわいのつるぎ,ステラ,"つららおとし,こおりのつぶて,ふいうち,つるぎのまい","0,252,4,0,0,252",ハバタクカミ,ブーストエナジー,ずぶとい,こだいかっせい,どく,"ムーンフォース,マジカルフレイム,めいそう,いたみわけ","228,0,244,4,4,28",カイリュー,こだわりハチマキ,いじっぱり,マルチスケイル,ノーマル,"げきりん,じしん,しんそく,からげんき","148,252,0,0,0,108",ディンルー,とつげきチョッキ,いじっぱり,わざわいのうつわ,はがね,"じしん,カタストロフィ,しっぺがえし,じわれ","68,188,0,0,252,0"
65,バイオレット,2041,テラパゴス(テラスタル),こだわりメガネ,ひかえめ,テラスシェル,ステラ,"テラクラスター,れいとうビーム,かえんほうしゃ,だいちのちから","4,0,0,252,0,252",ミミッキュ,ゴツゴツメット,いじっぱり,ばけのかわ,みず,"じゃれつく,かげうち, のろい,こらえる","228,252,0,0,0,28",キラフロル,レッドカード,ずぶとい,どくげしょう,くさ,"パワージェム,だいちのちから,キラースピン,ステルスロック","252,0,236,4,4,12",ゴリランダー,とつげきチョッキ,しんちょう,グラスメイカー,ほのお,"ドラムアタック,グラススライダー,はたきおとす,とんぼがえり","252,4,0,0,252,0",パオジアン,きあいのタスキ,ようき,わざわいのつるぎ,ゴースト,"つららおとし,せいなるつるぎ,ふいうち,ぜったいれいど","0,252,4,0,0,252",テツノワダチ,こだわりスカーフ,いじっぱり,クォークチャージ,フェアリー,"アイアンヘッド,じしん,アイススピナー,ボルトチェンジ","60,252,4,0,4,188"
69,くろっきー,2040,バドレックス(こくば),オボンのみ,ひかえめ,じんばいったい,フェアリー,"アストラルビット,ドレインキッス,わるだくみ,こうそくいどう","172,0,252,60,4,20",オーガポン(かまど),かまどのめん,いじっぱり,かたやぶり,ほのお,"ツタこんぼう,ウッドホーン,こうごうせい,つるぎのまい","252,76,116,0,4,60",ハバタクカミ,ブーストエナジー,おくびょう,こだいかっせい,フェアリー,"ムーンフォース,いたみわけ,めいそう,ちょうはつ","164,0,148,132,4,60",ブリジュラス,イバンのみ,ひかえめ,がんじょうあご,ドラゴン,"てっていこうせん,りゅうせいぐん,ステルスロック,メタルバースト","0,0,0,252,4,252",オーロンゲ,ひかりのねんど,しんちょう,いたずらごころ,ほのお,"ソウルクラッシュ,リフレクター,ひかりのかべ,でんじは","252,4,212,0,36,4",ウーラオス(れんげき),きあいのタスキ,いじっぱり,ふかしのこぶし,みず,"すいりゅうれんだ,インファイト,アイススピナー,アクアジェット","0,252,132,0,0,120"
71,sh,2039,ミライドン,とつげきチョッキ,ひかえめ,ハドロンエンジン,フェアリー,"イナズマドライブ,りゅうせいぐん,ボルトチェンジ,マジカルシャイン","236,0,4,244,4,20",ヘイラッシャ,たべのこし,わんぱく,てんねん,フェアリー,"ウェーブタックル,ゆきなだれ,じしん,まもる","252,4,252,0,0,0",テツノワダチ,こだわりハチマキ,ようき,クォークチャージ,ステラ,"じしん,アイアンヘッド,はたきおとす,アイススピナー","4,212,4,0,132,156",カイリュー,あつぞこブーツ,いじっぱり,マルチスケイル,ノーマル,"しんそく,ドラゴンクロー,アンコール,はねやすめ","244,252,4,0,4,4",オーガポン(かまど),かまどのめん,いじっぱり,かたやぶり,ほのお,"ツタこんぼう,ウッドホーン,はたきおとす,つるぎのまい","236,236,4,0,4,28",オーロンゲ,こうこうのしっぽ,しんちょう,いたずらごころ,ゴースト,"ソウルクラッシュ,イカサマ,トリック,ふいうち","244,4,60,0,196,4"
72,サトシ,2039,ガオガエン,オボンのみ,わんぱく,いかく,くさ,"はたきおとす,フレアドライブ,すてゼリフ,おにび","252,0,252,0,0,4",ルギア,たべのこし,ずぶとい,マルチスケイル,どく,"エアロブラスト,ふきとばし,めいそう,じこさいせい","252,0,236,0,0,20",カビゴン,とつげきチョッキ,いじっぱり,あついしぼう,フェアリー,"テラバースト,ヘビーボンバー,じしん,かみくだく","100,204,44,0,156,4",ドンファン,イバンのみ,いじっぱり,がんじょう,じめん,"じしん,じゃれつく,こうそくスピン,ステルスロック","0,252,4,0,0,252",カイリュー,ゴツゴツメット,いじっぱり,マルチスケイル,ノーマル,"しんそく,じしん,アンコール,はねやすめ","244,252,4,0,4,4",ゲッコウガ,きあいのタスキ,ひかえめ,げきりゅう,みず,"みずしゅりけん,ちょうはつ,なみのり,どくびし","0,0,4,252,0,252"
81,あらたま,2035,ピクシー,いのちのたま,ずぶとい,マジックガード,ひこう,"ムーンフォース,みらいよち,めいそう,つきのひかり","252,0,252,0,0,4",ハピナス,どくばり,おだやか,しぜんかいふく,あく,"たまごうみ,なげつける,かえんほうしゃ,めいそう","36,0,252,0,220,0",ヘイラッシャ,たべのこし,わんぱく,てんねん,くさ,"じわれ,ウェーブタックル,まもる,ねむる","252,0,236,0,0,20",パオジアン,きあいのタスキ,ようき,わざわいのつるぎ,ゴースト,"ぜったいれいど,つららおとし,こおりのつぶて,せいなるつるぎ","0,252,4,0,0,252",ディンルー,とつげきチョッキ,いじっぱり,わざわいのうつわ,はがね,"じしん,じわれ,じごくづき,ヘビーボンバー","4,196,4,0,252,68",ルギア,こだわりスカーフ,ひかえめ,マルチスケイル,ひこう,"エアロブラスト,れいとうビーム,トリック,じこさいせい","0,0,100,252,0,156"
82,しゅん,2035,ギラティナ(オリジン),だいはっきんだま,ゆうかん,ふゆう,ほのお,"ポルターガイスト,りゅうせいぐん,かげうち,ドラゴンクロー","252,252,0,4,0,0",テツノカイナ,とつげきチョッキ,しんちょう,クォークチャージ,でんき,"ドレインパンチ,サンダーダイブ,れいとうパンチ,ねこだまし","0,68,188,252,0,0",オオニューラ,ノーマルジュエル,いじっぱり,かるわざ,ステラ,"フェイタルクロー,インファイト,アクロバット,ねこだまし","0,252,44,0,0,212",ハバタクカミ,ブーストエナジー,ずぶとい,こだいかっせい,フェアリー,"ムーンフォース,めいそう,いたみわけ,ちょうはつ","184,0,252,0,0,72",ディンルー,オボンのみ,わんぱく,わざわいのうつわ,どく,"カタストロフィ,まきびし,ステルスロック,ふきとばし","244,0,60,0,196,0",ヒードラン,たべのこし,ずぶとい,ほのおのからだ,みず,"ボディプレス,ラスターカノン,みがわり,てっぺき","252,0,252,0,4,0"
87,青き此方,2034,ミライドン,こだわりメガネ,おくびょう,ハドロンエンジン,フェアリー,"イナズマドライブ, りゅうせいぐん, ボルトチェンジ, マジカルシャイン","0, 0, 4, 252, 0, 252",オーロンゲ,こうこうのしっぽ,しんちょう,いたずらごころ,ほのお,"ソウルクラッシュ, イカサマ, でんじは, トリック","252, 0, 52, 0, 204, 0",ウーラオス(れんげき),こだわりハチマキ,いじっぱり,ふかしのこぶし,みず,"すいりゅうれんだ, インファイト, アクアジェット, どんぼがえり","68, 236, 164, 0, 4, 36",ランドロス(れいじゅう),とつげきチョッキ,なまいき,いかく,ほのお,"じしん, がんせきふうじ, とんぼがえり, じわれ","252, 4, 0, 0, 252, 0",キョジオーン,たべのこし,わんぱく,きよめのしお,ほのお,"しおづけ, ボディプレス, てっぺき, じこさいせい","252, 0, 252, 0, 0, 4",ディンルー,オボンのみ,わんぱく,わざわいのうつわ,どく,"カタストロフィ, ステルスロック, まきびし, ふきとばし","212, 0, 44, 0, 252, 0"
93,アイギス,2032,ザマゼンタ(たてのおう),くちたたて,わんぱく,ふくつのたて,かくとう,"ボディプレス, ヘビーボンバー, こうそくいどう, てっぺき","188, 0, 252, 0, 0, 68",ハバタクカミ,ブーストエナジー,おくびょう,こだいかっせい,フェアリー,"ドレインキッス, シャドーボール, めいそう, みがわり","228, 0, 156, 116, 4, 4",カイリュー,こだわりはちまき,ゆうかん,マルチスケイル,ノーマル,"しんそく, つばめがえし, じしん, けたぐり","244, 236, 4, 0, 24, 0",ガチグマ,シルクのスカーフ,ひかえめ,しんがん,ノーマル,"ブラッドムーン, ハイパーボイス, めいそう, つきのひかり","252, 0, 4, 196, 44, 12",ディンルー,メンタルハーブ,わんぱく,わざわいのうつわ,みず,"じしん, ステルスロック, まきびし, ふきとばし","244, 0, 176, 0, 84, 0",キョジオーン,たべのこし,しんちょう,きよめのしお,くさ,"しおづけ, まもる, みがわり, じこさいせい","252, 0, 20, 0, 236, 0"
97,バンブー,2031,バドレックス(こくば),こだわりスカーフ,おくびょう,じんばいったい,ゴースト,"アストラルビット, サイコキネシス, おにび, トリック","76, 0, 4, 252, 4, 172",カイリュー,シルクのスカーフ,いじっぱり,マルチスケイル,ノーマル,"しんそく, じしん, りゅうのまい, はねやすめ","228, 252, 4, 0, 4, 20",ウーラオス(れんげき),きあいのタスキ,いじっぱり,ふかしのこぶし,みず,"すいりゅうれんだ, インファイト, アクアジェット, アイススピナー","0, 252, 4, 0, 0, 252",チオンジェン,たべのこし,おだやか,わざわいのおふだ,フェアリー,"ギガドレイン, カタストロフィ, やどりぎのタネ, まもる","252, 0, 124, 0, 132, 0",ランドロス(れいじゅう),ゴツゴツメット,わんぱく,いかく,みず,"じしん, とんぼがえり, ちょうはつ, ステルスロック","252, 0, 252, 0, 4, 0",キラフロル,パワフルハーブ,ひかえめ,どくげしょう,いわ,"メテオビーム, パワージェム, だいちのちから, アシッドボム","4, 0, 0, 252, 0, 252"
105,U,2022,バドレックス(こくば),きあいのタスキ,おくびょう,じんばいったい,ステラ,"アストラルビット, サイコショック, くさむすび, アンコール","4, 0, 0, 252, 0, 252",テツノワダチ,ブーストエナジー,ようき,クォークチャージ,ノーマル,"じしん, はたきおとす, がむしゃら, ステルスロック","188, 84, 4, 0, 12, 220",ゴリランダー,グラスシード,いじっぱり,グラスメイカー,ほのお,"グラススライダー, アクロバット, 10まんばりき, つるぎのまい","140, 116, 252, 0, 0, 0",カイリュー,いかさまダイス,いじっぱり,マルチスケイル,じめん,"スケイルショット, じしん, しんそく, りゅうのまい","132, 252, 0, 0, 0, 124",オオニューラ,ノーマルジュエル,いじっぱり,かるわざ,ひこう,"アクロバット, インファイト, ちょうはつ, ねこだまし","44, 252, 0, 0, 0, 212",キノガッサ,どくどくだま,わんぱく,ポイズンヒール,ノーマル,"からげんき, キノコのほうし, みがわり, やどりぎのタネ","204, 4, 76, 0, 4, 220"
108,木星,2020,バドレックス(こくば),きあいのタスキ,おくびょう,じんばいったい,かくとう,"アストラルビット, テラバースト, アンコール, わるだくみ","4, 0, 0, 252, 0, 252",カイリュー,いかさまダイス,いじっぱり,マルチスケイル,ノーマル,"しんそく, スケイルショット, じしん, りゅうのまい","4, 252, 0, 0, 0, 252",ディンルー,オボンのみ,わんぱく,わざわいのうつわ,みず,"カタストロフィ, ステルスロック, まきびし, ふきとばし","244, 0, 116, 0, 148, 0",パオジアン,くろいメガネ,いじっぱり,わざわいのつるぎ,ほのお,"かみくだく, こおりのつぶて, つるぎのまい, ふいうち","28, 252, 164, 0, 12, 52",ハバタクカミ,ブーストエナジー,おくびょう,こだいかっせい,ノーマル,"ムーンフォース, あまえる, めいそう, いたみわけ","100, 0, 252, 20, 4, 132",ウーラオス(れんげき),パンチグローブ,いじっぱり,ふかしのこぶし,みず,"すいりゅうれんだ, ドレインパンチ, れいとうパンチ, アクアジェット","156, 236, 100, 0, 4, 12"
112,まりるり,2015,バドレックス(こくば),きあいのタスキ,おくびょう,じんばいったい,くさ,"アンコール, まもる, アストラルビット, ギガドレイン","0, 0, 4, 252, 0, 252",ブリジュラス,ゴツゴツメット,わんぱく,じきゅうりょく,ほのお,"りゅうせいぐん, ステルスロック, ボディプレス, ヘビーボンバー","252, 0, 252, 0, 4, 0",カイリュー,いかさまダイス,いじっぱり,マルチスケイル,はがね,"スケイルショット, しんそく, じしん, りゅうのまい","100, 188, 12, 0, 4, 204",ウーラオス(れんげき),しんぴのしずく,ようき,ふかしのこぶし,ノーマル,"すいりゅうれんだ, れいとうパンチ, アクアジェット, インファイト","140, 252, 116, 0, 0, 0",ディンルー,とつげきチョッキ,いじっぱり,わざわいのうつわ,どく,"じしん, テラバースト, カタストロフィ, がんせきふうじ","4, 252, 0, 0, 252, 0",パオジアン,ラムのみ,ようき,わざわいのつるぎ,でんき,"テラバースト, つららおとし, こおりのつぶて, つるぎのまい","156, 196, 12, 0, 4, 140"
113,Phantasmoon,2014,コライドン,いかさまダイス,ようき,ひひいろのこどう,ほのお,"フレアドライブ, スケイルショット, つるぎのまい, ニトロチャージ","0, 252, 4, 0, 0, 252",ハバタクカミ,こだわりメガネ,おくびょう,こだいかっせい,フェアリー,"ムーンフォース, シャドーボール, マジカルフレイム, パワージェム","4, 0, 0, 252, 0, 252",パオジアン,きあいのタスキ,ようき,わざわいのつるぎ,こおり,"つららおとし, こおりのつぶて, せいなるつるぎ, ぜったいれいど","0, 252, 4, 0, 0, 252",ガチグマ(アカツキ),とつげきチョッキ,ひかえめ,しんがん,ノーマル,"ブラッドムーン, しんくうは, だいちのちから, ハイパーボイス","148, 0, 4, 252, 84, 20",ドオー,たべのこし,しんちょう,てんねん,あく,"じしん, どくどく, まもる, じこさいせい","252, 0, 4, 0, 252, 0",ヘイラッシャ,ゴツゴツメット,わんぱく,てんねん,はがね,"じわれ, あくび, ねむる, ゆきなだれ","252, 0, 252, 0, 4, 0"
116,アキ,2013,モルペコ(まんぷく),きあいのタスキ,ようき,はらぺこスイッチ,ステラ,"オーラぐるま, でんこうせっか, がむしゃら, ちょうはつ","0, 252, 4, 0, 0, 252",カイオーガ,こだわりスカーフ,おくびょう,あめふらし,みず,"しおふき, なみのり, かみなり, れいとうビーム","0, 0, 20, 252, 0, 236",ブリジュラス,たべのこし,ずぶとい,じきゅうりょく,フェアリー,"エレクトロビーム, バークアウト, ボディプレス, ","252, 0, 252, 0, 4, 0",ゴリランダー,とつげきチョッキ,しんちょう,グラスメイカー,ノーマル,"ドラムアタック, はたきおとす, とんぼがえり, 10まんばりき","252, 0, 52, 0, 204, 0",パオジアン,こだわりハチマキ,いじっぱり,わざわいのつるぎ,こおり,"つららおとし, こおりのつぶて, せいなるつるぎ, かみくだく","0, 252, 4, 0, 0, 252",ランドロス(れいじゅう),ゴツゴツメット,わんぱく,いかく,フェアリー,"じしん, テラバースト, とんぼがえり, ちょうはつ","244, 0, 84, 0, 180, 0"
123,husky,2010,ルナアーラ,こだわりメガネ,ひかえめ,ファントムガード,フェアリー,"シャドーレイ, ムーンフォース, サイコショック, トリック","212, 0, 36, 244, 4, 12",ディンルー,とつげきチョッキ,いじっぱり,わざわいのうつわ,フェアリー,"しっぺがえし, じしん, ヘビーボンバー, じわれ","0, 252, 4, 0, 252, 0",オオニューラ,ノーマルジュエル,いじっぱり,かるわざ,ひこう,"インファイト, フェイタルクロウ, アクロバット, ねこだまし","0, 252, 132, 0, 0, 124",ヒードラン,ゴツゴツメット,ずぶとい,ほのおのからだ,くさ,"ふんえん, だいちのちから, テラバースト, ステルスロック","252, 0, 252, 4, 0, 0",ウーラオス(れんげき),こだわりハチマキ,いじっぱり,ふかしのこぶし,みず,"インファイト, すいりゅうれんだ, アイススピナー, アクアジェット","12, 220, 244, 0, 4, 28",ハバタクカミ,ブーストエナジー,ずぶとい,こだいかっせい,みず,"ムーンフォース, めいそう, いたみわけ, ちょうはつ","228, 0, 252, 4, 4, 20"
127,ピロスケ,2008,エーフィ,ふうせん,ひかえめ,マジックミラー,フェアリー,"サイコノイズ, みわくのボイス, みらいよち, あさのひざし","84, 0, 0, 252, 0, 172",コライドン,とつげきチョッキ,いじっぱり,ひひいろのこどう,ほのお,"フレアドライブ, ドレインパンチ, ニトロチャージ, こおりのキバ","236, 196, 4, 0, 12, 60",ハバタクカミ,おんみつマント,おくびょう,こだいかっせい,ひこう,"ムーンフォース, めいそう, ちょうはつ, いたみわけ","4, 0, 252, 0, 0, 252",イーユイ,こだわりメガネ,ひかえめ,わざわいのたま,ほのお,"かえんほうしゃ, あくのはどう, オーバーヒート, サイコキネシス","228, 0, 4, 212, 60, 4",ドオー,オボンのみ,しんちょう,ちょすい,でんき,"じしん, どくどく, じこさいせい, ステルスロック","252, 0, 4, 0, 252, 0",ヘイラッシャ,たべのこし,わんぱく,てんねん,ノーマル,"ゆきなだれ, ボディプレス, あくび, ねむる","252, 0, 212, 0, 44, 0"
133,ノブ,2008,フライゴン,こだわりメガネ,ひかえめ,ふゆう,はがね,"りゅうせいぐん, だいちのちから, ばくおんぱ, しんくうは","0, 0, 4, 252, 0, 252",ドータクン,たべのこし,のんき,ふゆう,ほのお,"ジャイロボール, ボディプレス, てっぺき, サイコキネシス","252, 0, 252, 0, 4, 0",ルガルガン(たそがれ),こだわりスカーフ,いじっぱり,かたいツメ,じめん,"ストーンエッジ, ドリルライナー, じゃれつく, かみくだく","4, 252, 0, 0, 0, 252",テツノブジン,ブーストエナジー,おくびょう,クォークチャージ,はがね,"ムーンフォース, みがわり, アンコール, みちづれ","0, 0, 0, 252, 4, 252",ウォッシュロトム,ゴツゴツメット,ずぶとい,ふゆう,あく,"ハイドロポンプ, イカサマ, ボルトチェンジ, おにび","252, 0, 252, 4, 0, 0",ホウオウ,こだわりハチマキ,いじっぱり,さいせいりょく,でんき,"せいなるほのお, ブレイブバード, じしん, テラバースト","140, 252, 0, 0, 0, 116"
139,株式投資の王,2007,バドレックス(はくば),たべのこし,いじっぱり,じんばいったい,みず,"ブリザードランス, ボディプレス, てっぺき, トリックルーム","252, 0, 236, 0, 20, 0",キノガッサ,どくどくだま,いじっぱり,ポイズンヒール,ノーマル,"からげんき, みがわり, やどりぎのタネ, キノコのほうし","204, 4, 84, 0, 4, 212",ハバタクカミ,きあいのタスキ,おくびょう,こだいかっせい,ノーマル,"ムーンフォース, シャドーボール, マジカルフレイム, ちょうはつ","4, 0, 0, 252, 0, 252",ガチグマ(アカツキ),シルクのスカーフ,ひかえめ,しんがん,ノーマル,"ブラッドムーン, ハイパーボイス, しんくうは, つきのひかり","148, 0, 4, 116, 212, 28",ウーラオス(れんげき),こだわりハチマキ,いじっぱり,ふかしのこぶし,みず,"すいりゅうれんだ, インファイト, とんぼがえり, アクアジェット","252, 252, 4, 0, 0, 0",ラティアス,おんみつマント,おだやか,ふゆう,はがね,"アシストパワー, はどうだん, めいそう, じこさいせい","252, 0, 0, 0, 4, 252"
140,ぬすし,2006,バドレックス(こくば),こだわりスカーフ,おくびょう,じんばいったい,みず,"アストラルビット, サイコキネシス, テラバースト, くさむすび","76, 0, 4, 188, 60, 180",パオジアン,きあいのタスキ,いじっぱり,わざわいのつるぎ,こおり,"つららおとし, こおりのつぶて, かわらわり, ぜったいれいど","4, 252, 0, 0, 0, 252",ハバタクカミ,ブーストエナジー,ひかえめ,こだいかっせい,ほのお,"ムーンフォース, マジカルフレイム, いたみわけ, ちょうはつ","100, 0, 252, 4, 20, 132",カイリュー,こだわりハチマキ,いじっぱり,マルチスケイル,ノーマル,"しんそく, げきりん, じしん, けたぐり","252, 252, 4, 0, 0, 0",キラフロル,レッドカード,ずぶとい,どくげしょう,ゴースト,"キラースピン, ステルスロック, パワージェム, こらえる","252, 0, 76, 0, 180, 0",ディンルー,オボンのみ,ずぶとい,わざわいのうつわ,どく,"しっぺがえし, カタストロフィ, ステルスロック, ふきとばし","252, 0, 252, 0, 4, 0"
142,マッキー,2005,ミライドン,こだわりメガネ,おくびょう,ハドロンエンジン,フェアリー,"イナズマドライブ, ボルトチェンジ, りゅうせいぐん, マジカルシャイン","0, 0, 4, 252, 0, 252",ウーラオス(れんげき),パンチグローブ,いじっぱり,ふかしのこぶし,ノーマル,"すいりゅうれんだ, アクアジェット, れいとうパンチ, かみなりパンチ","156, 252, 100, 0, 0, 0",ランドロス(れいじゅう),とつげきチョッキ,なまいき,いかく,ノーマル,"じしん, じわれ, がんせきふうじ, とんぼがえり","252, 4, 0, 0, 252, 0",ガチグマ(アカツキ),オボンのみ,ずぶとい,しんがん,ほのお,"ブラッドムーン, だいちのちから, しんくうは, つきのひかり","252, 0, 236, 0, 0, 20",パオジアン,きあいのタスキ,ようき,わざわいのつるぎ,でんき,"つららおとし, テラバースト, こおりのつぶて, つるぎのまい","0, 252, 4, 0, 0, 252",オーロンゲ,たべのこし,しんちょう,いたずらごころ,ゴースト,"ソウルクラッシュ, イカサマ, リフレクター, でんじは","244, 4, 60, 0, 196, 4"
145,よざくら,2005,バドレックス(こくば),こだわりメガネ,おくびょう,じんばいったい,ゴースト,"アストラルビット, サイコキネシス, トリック, くさむすび","124, 0, 4, 126, 4, 252",ガオガエン,とつげきチョッキ,しんちょう,いかく,くさ,"フレアドライブ, はたきおとす, とんぼがえり, じならし","252, 0, 4, 0, 252, 0",ウーラオス(れんげき),ゴツゴツメット,わんぱく,ふかしのこぶし,ノーマル,"すいりゅうれんだ, インファイト, とんぼがえり, アクアジェット","252, 36, 196, 0, 4, 20",カイリュー,じゃくてんほけん,ゆうかん,マルチスケイル,じめん,"じしん, しんそく, けたぐり, りゅうせいぐん","252, 252, 0, 4, 0, 0",アーマーガア,オボンのみ,のんき,プレッシャー,ドラゴン,"ボディプレス, てっぺき, はねやすめ, とんぼがえり","252, 0,180, 0, 78, 0",グライオン,どくどくだま,ようき,ポイズンヒール,あく,"みがわり, まもる, ちょうはつ, はたきおとす","212, 0, 0, 0, 44, 252"
149,maru,2004,テラパゴス(テラスタル),たべのこし,ひかえめ,テラスシェル,ステラ,"テラクラスター, めいそう, ロックカット, まもる","172, 0, 0, 236, 0, 100",ガブリアス,きあいのタスキ,いじっぱり,さめはだ,はがね,"じしん, がんせきふうじ, ドラゴンテール, ステルスロック","0, 252, 4, 0, 0, 252",ハッサム,オボンのみ,いじっぱり,テクニシャン,ほのお,"バレットパンチ, むしくい, ダブルウイング, つるぎのまい","252, 252, 4, 0, 0, 0",カイリュー,いかさまダイス,いじっぱり,マルチスケイル,ノーマル,"スケイルショット, じしん, しんそく, りゅうのまい","164, 252, 0, 0, 0, 92",ガラルマタドガス,メンタルハーブ,ずぶとい,かがくへんかガス,みず,"ヘドロばくだん, どくどく, どくびし, まもる","252, 0, 36, 0, 220, 0",ラウドボーン,ウイのみ,ずぶとい,てんねん,みず,"フレアソング, まもる, みがわり, なまける","252, 0, 252, 0, 4, 0"
151,るい,2001,バドレックス(こくば),きあいのタスキ,おくびょう,じんばいったい,くさ,"アストラルビット, ギガドレイン, アンコール, わるだくみ","4, 0, 0, 252, 0, 252",カイリュー,いかさまダイス,いじっぱり,マルチスケイル,はがね,"スケイルショット, じしん, しんそく, りゅうのまい","100, 188, 12, 0, 4, 204",ブリジュラス,ゴツゴツメット,のんき,じきゅうりょく,ノーマル,"りゅうせいぐん, ヘビーボンバー, ボディプレス, バークアウト","252, 0, 252, 0, 4, 0",ウーラオス(れんげき),こだわりハチマキ,いじっぱり,ふかしのこぶし,みず,"すいりゅうれんだ, インファイト, アクアジェット, とんぼがえり","156, 244, 100, 0, 4, 4",ランドロス(れいじゅう),こだわりスカーフ,ようき,いかく,ひこう,"じしん, とんぼがえり, テラバースト, がんせきふうじ","4, 228, 4, 0, 68, 204",ママンボウ,とつげきチョッキ,なまいき,さいせいりょく,はがね,"クイックターン, こごえるかぜ, アクアジェット, ミラーコート","252, 0, 4, 0, 252, 0"
152,タカヒロ,2000,レックウザ,こだわりスカーフ,むじゃき,エアロック,ひこう,"ガリョウテンセイ, とんぼがえり, りゅうせいぐん, れいとうビーム","4, 252, 76, 4, 0, 172",ハッサム,オボンのみ,いじっぱり,テクニシャン,ひこう,"バレットパンチ, とんぼがえり, インファイト, つるぎのまい","228, 156, 116, 0, 4, 4",カバルドン,ゴツゴツメット,わんぱく,すなおこし,はがね,"じしん, あくび, ステルスロック, なまける","252, 0, 132, 0, 124, 0",ガチグマ,とつげきチョッキ,ひかえめ,しんがん,ノーマル,"ブラッドムーン, ハイパーボイス, だいちのちから, しんくうは","84, 0, 0, 252, 172, 0",テツノツツミ,こだわりメガネ,むじゃき,クォークチャージ,じめん,"フリーズドライ, ハイドロポンプ, クイックターン, れいとうビーム","0, 0, 4, 252, 0, 252",キノガッサ,きあいのタスキ,いじっぱり,テクニシャン,ゴースト,"マッハパンチ, タネマシンガン, つるぎのまい, キノコのほうし","0, 252, 4, 0, 0, 252"
167,かりょうてん,1991,カイオーガ,こだわりスカーフ,おくびょう,あめふらし,みず,"しおふき, なみのり, れいとうビーム, かみなり","44, 0, 0, 252, 0, 212",ゴリランダー,とつげきチョッキ,いじっぱり,グラスメイカー,ノーマル,"ドラムアタック, はたきおとす, グラススライダー, とんぼがえり","132, 124, 0, 0, 252, 0",ガオガエン,オボンのみ,のんき,いかく,むし,"はたきおとす, かわらわり, とんぼがえり, おにび","252, 0, 252, 0, 0, 0",パオジアン,こだわりハチマキ,いじっぱり,わざわいのつるぎ,あく,"つららおとし, かみくだく, こおりのつぶて, サイコファング","28, 252, 124, 0, 4, 100",ハバタクカミ,きあいのタスキ,おくびょう,こだいかっせい,じめん,"ムーンフォース, シャドーボール, テラバースト, ちょうはつ","0, 0, 0, 252, 0, 252",ランドロス(れいじゅう),ゴツゴツメット,わんぱく,いかく,みず,"とんぼがえり, がんせきふうじ, ちょうはつ, ステルスロック","252, 0, 252, 0, 0, 0"
180,バイオレット,1982,バドレックス(こくば),オボンのみ,ひかえめ,じんばいったい,フェアリー,"アストラルビット, ドレインキッス, わるだくみ, こうそくいどう","236, 0, 132, 60, 28, 52",ディンルー,たべのこし,わんぱく,わざわいのうつわ,はがね,"カタストロフィ, ふきとばし, まきびし, ステルスロック","212, 4, 124, 0, 140, 28",カイリュー,いかさまダイス,いじっぱり,マルチスケイル,ほのお,"スケイルショット, ほのおのパンチ, りゅうのまい, はねやすめ","4, 252, 0, 0, 0, 252",パオジアン,きあいのタスキ,ようき,わざわいのつるぎ,でんき,"つららおとし, テラバースト, カタストロフィ, ちょうはつ","12, 252, 100, 0, 4, 140",ハバタクカミ,ブーストエナジー,おくびょう,こだいかっせい,みず,"ムーンフォース, あまえる, ちょうはつ, おきみやげ","100, 0, 236, 20, 4, 148",オーガポン(かまど),かまどのめん,いじっぱり,かたやぶり,ほのお,"ツタこんぼう, ウッドホーン, くさわけ, つるぎのまい","236, 0, 116, 0, 0, 156"
186,赤司 征十郎,1976,バドレックス(こくば),しろいハーブ,おくびょう,じんばいったい,フェアリー,"アシストパワー, ドレインキッス, ちょうはつ, みがわり","188, 0, 68, 0, 0, 252",ハバタクカミ,ブーストエナジー,おくびょう,こだいかっせい,はがね,"こごえるかぜ, でんじは, ちょうはつ, おきみやげ","4, 0, 252, 0, 0, 252",ドーブル,きあいのタスキ,おくびょう,ムラっけ,くさ,"キノコのほうし, ちいさくなる, ちょうはつ, バトンタッチ","4, 0, 252, 0, 0, 252",テツノワダチ,とつげきチョッキ,ようき,クォークチャージ,くさ,"アイアンヘッド, じならし, テラバースト, こうそくスピン","0, 252, 0, 0, 28, 228",ブリムオン,こうこうのしっぽ,おだやか,マジックミラー,じめん,"ほっぺすりすり, サイコフィールド, いやしのねがい, トリック","228, 0, 156, 0, 124, 0",フワライド,エレキシード,おくびょう,かるわざ,ドラゴン,"ちいさくなる,ドわすれ,ちからをすいとる,バトンタッチ","0, 0, 28, 0, 252, 228"
189,妲己,1974,ザシアン(けんのおう),くちたけん,ようき,ふとうのけん,みず,"きょじゅうざん, じゃれつく, テラバースト, つるぎのまい","172, 140, 4, 0, 12, 180",カイリュー,こだわりはちまき,いじっぱり,マルチスケイル,ノーマル,"しんそく, げきりん, じしん, ほのおのパンチ","4, 252, 0, 0, 0, 252",キョジオーン,たべのこし,しんちょう,きよめのしお,くさ,"しおづけ, みがわり, まもる, じこさいせい","252, 0, 0, 0, 236, 20",ハバタクカミ,ブーストエナジー,おくびょう,こだいかっせい,ノーマル,"ムーンフォース, めいそう, あまえる, いたみわけ","100, 0, 252, 4, 4, 148",イーユイ,とつげきチョッキ,ひかえめ,わざわいのたま,くさ,"かえんほうしゃ, あくのはどう, オーバーヒート, テラバースト","228, 0, 4, 148, 108, 20",ガチグマ(アカツキ),ゴツゴツメット,ずぶとい,しんがん,みず,"ブラッドムーン, だいちのちから, めいそう, つきのひかり","252, 0, 244, 0, 0, 12"
193,スコール,1972,テツノツツミ,ブーストエナジー,おくびょう,クォークチャージ,ノーマル,"まもる, みがわり, ハイドロポンプ, フリーズドライ","0, 0, 4, 252, 0, 252",ゲッコウガ,きあいのタスキ,ようき,へんげんじざい,ゴースト,"かげうち, ローキック, ダストシュート, どくびし","0, 252, 4, 0, 0, 252",カイオーガ,オボンのみ,ひかえめ,あめふらし,フェアリー,"なみのり, れいとうビーム, かみなり, めいそう","236, 0, 236, 4, 4, 28",ドヒドイデ,くろいヘドロ,ずぶとい,さいせいりょく,どく,"トーチカ, どくどく, じこさいせい, まとわりつく","252, 0, 252, 0, 4, 0",ラプラス,たべのこし,おだやか,ちょすい,フェアリー,"まもる, うずしお, ほろびのうた, つのドリル","252, 0, 4, 0, 252, 0",ヘイラッシャ,おんみつマント,わんぱく,てんねん,くさ,"ボディプレス, じわれ, ゆきなだれ, ねむる","252, 0, 228, 0, 0, 20"
201,マブシ,1967,キョジオーン,たべのこし,ずぶとい,きよめのしお,フェアリー,"しおづけ, みがわり, じこさいせい, まもる","252, 0, 252, 0, 0, 4",カイオーガ,とつげきチョッキ,ひかえめ,あめふらし,でんき,"しおふき, なみのり, かみなり, れいとうビーム","252, 0, 4, 76, 172, 4",ディンルー,おんみつマント,しんちょう,わざわいのうつわ,どく,"しっぺがえし, ステルスロック, ふきとばし, まきびし","252,4,0,0,252,0",ドオー,オボンのみ,しんちょう,ちょすい,はがね,"じしん, のろい, どくびし, じこさいせい","252,4,0,0,252,0",パオジアン,きあいのタスキ,いじっぱり,わざわいのつるぎ,ステラ,"つららおとし, ふいうち, こおりのつぶて, つるぎのまい","4,252,0,0,0,252",ドヒドイデ,ゴツゴツメット,ずぶとい,さいせいりょく,フェアリー,"どくどく, どくびし, くろいきり, じこさいせい","252,0,252,0,4,0"
205,バイオレット,1965,カイリュー,ゴツゴツメット,いじっぱり,マルチスケイル,ノーマル,"しんそく, じしん, けたぐり, はねやすめ","195, 176, 133, 0, 121, 112",ルナアーラ,こだわりスカーフ,ひかえめ,ファントムガード,じめん,"シャドーレイ, ムーンフォース, ねっぷう, テラバースト","213, 0, 109, 207, 127, 149",パオジアン,きあいのタスキ,いじっぱり,わざわいのつるぎ,ほのお,"カタストロフィ, ふいうち, テラバースト, サイコファング","155, 172, 101, 85, 85, 205",ウーラオス(いちげき),とつげきチョッキ,いじっぱり,ふかしのこぶし,どく,"あんこくきょうだ, ふいうち, インファイト, れいとうパンチ","183, 200, 126, 0, 94, 123",ハッサム,たべのこし,いじっぱり,テクニシャン,ノーマル,"バレットパンチ, とんぼがえり, ダブルウイング, つるぎのまい","175, 176, 142, 0, 101, 86",オーガポン(いしずえ),いしずえのめん,いじっぱり,がんじょう,いわ,"ツタこんぼう, くさわけ, パワーウィップ, ばかぢから","155, 189, 105, 0, 116, 162"
220,あたか,1962,ミライドン,こだわりめがね,おくびょう,ハドロンエンジン,フェアリー,"イナズマドライブ, りゅうせいぐん, マジカルシャイン, ボルトチェンジ","4, 0, 0, 252, 0, 252",ウーラオス(れんげき),パンチグローブ,いじっぱり,ふかしのこぶし,みず,"すいりゅうれんだ, ドレインパンチ, れいとうパンチ, アクアジェット","108, 236, 148, 0, 4, 12",オーガポン(かまど),かまどのめん,わんぱく,かたやぶり,ほのお,"ツタこんぼう, パワーウィップ, つるぎのまい, こうごうせい","236, 0, 252, 0, 0, 20",オーロンゲ,こうこうのしっぽ,しんちょう,いたずらごころ,ゴースト,"イカサマ, ソウルクラッシュ, トリック, でんじは","252, 0, 52, 0, 204, 0",テツノワダチ,こだわりハチマキ,いじっぱり,クォークチャージ,じめん,"じしん, アイアンヘッド, アイススピナー, ボルトチェンジ","60, 84, 20, 0, 92, 252",リキキリン,とつげきチョッキ,ひかえめ,テイルアーマー,フェアリー,"マジカルシャイン, シャドーボール, ミラーコート, がむしゃら","92, 0, 0, 252, 164, 0"
231,わたあめ,1959,バドレックス(はくば),オボンのみ,いじっぱり,じんばいったい,ほのお,"ブリザードランス, 10まんばりき, タネばくだん, トリックルーム","252, 150, 0, 0, 108, 0",ガチグマ,いのちのたま,れいせい,しんがん,ノーマル,"ブラッドムーン, はかいこうせん, だいちのちから, しんくうは","68, 0, 0, 252, 190, 0",ウーラオス(れんげき),こだわりハチマキ,いじっぱり,ふかしのこぶし,みず,"すいりゅうれんだ, アクアジェット, インファイト, とんぼがえり","204, 252, 0, 0, 0, 52",ドオー,たべのこし,しんちょう,ちょすい,ほのお,"じしん, たくわえる, どくどく, じこさいせい","252, 0, 182, 0, 76, 0",イーユイ,とつげきチョッキ,ひかえめ,わざわいのたま,ほのお,"オーバーヒート, かえんほうしゃ, ニトロチャージ, あくのはどう","244, 0, 4, 116, 4, 140",エルフーン,ゴツゴツメット,ずぶとい,いたずらごころ,ゴースト,"とんぼがえり, アンコール, おきみやげ, トリックルーム","252, 0, 166, 0, 92, 0"
241,やすひら,1956,コライドン,いかさまダイス,いじっぱり,ひひいろのこどう,はがね,"スケイルショット, アイアンヘッド, つるぎのまい, ちょうはつ","60, 212, 4, 0, 164, 68",ランドロス(れいじゅう),オボンのみ,わんぱく,いかく,みず,"じしん, とんぼがえり, ステルスロック, ちょうはつ","244, 0, 252, 0, 12, 0",ハバタクカミ,きあいのタスキ,おくびょう,こだいかっせい,ステラ,"ムーンフォース, たたりめ, ミストフィールド, でんじは","4, 0, 0, 252, 0, 252",テツノツツミ,ブーストエナジー,おくびょう,クォークチャージ,どく,"ハイドロポンプ, フリーズドライ, アンコール, みがわり","0, 0, 4, 252, 0, 252",オーロンゲ,たべのこし,わんぱく,いたずらごころ,ほのお,"でんじは, イカサマ, ソウルクラッシュ, すてゼリフ","252, 12, 36, 0, 204, 4",ブリジュラス,とつげきチョッキ,ずぶとい,じきゅうりょく,フェアリー,"ラスターカノン, ボディプレス, 10まんボルト, ミラーコート","252, 0, 4, 4, 244, 4"
249,しゅばばばば,1953,ホウオウ,こだわりハチマキ,わんぱく,さいせいりょく,くさ,"せいなるほのお, ブレイブバード, じしん, テラバースト","140, 252, 0, 0, 0, 116",アローラキュウコン,ひかりのねんど,おくびょう,ゆきふらし,ノーマル,"ムーンフォース, オーロラベール, アンコール, ミストフィールド","244, 0, 68, 0, 0, 196",ウーラオス(れんげき),こだわりスカーフ,いじっぱり,ふかしのこぶし,フェアリー,"すいりゅうれんだ, インファイト, テラバースト, とんぼがえり","0, 252, 4, 0, 0, 252",ガチグマ(アカツキ),とつげきチョッキ,ひかえめ,しんがん,ノーマル,"ブラッドムーン, ハイパーボイス, だいちのちから, しんくうは","68, 0, 0, 196, 244, 0",ハバタクカミ,こだわりメガネ,おくびょう,こだいかっせい,ステラ,"ムーンフォース, シャドーボール, パワージェム, テラバースト","4, 0, 0, 252, 0, 252",ドラパルト,きあいのタスキ,おくびょう,クリアボディ,ステラ,"りゅうせいぐん, たたりめ, でんじは, のろい","0, 0, 4, 252, 0, 252"
252,スカーレット,1951,ミライドン,とつげきチョッキ,ひかえめ,ハドロンエンジン,こおり,"イナズマドライブ, りゅうせいぐん, ボルトチェンジ, テラバースト","236, 0, 4, 196, 4, 68",ディンルー,たべのこし,ずぶとい,わざわいのうつわ,はがね,"カタストロフィー, ステルスロック, まきびし, ふきとばし","244, 0, 116, 0,148, 0",パオジアン,きあいのタスキ,いじっぱり,わざわいのつるぎ,こおり,"つららおとし, せいなるつるぎ, サイコファング, こおりのつぶて","0, 252, 4, 0, 0, 252",ハバタクカミ,ジャポのみ,おくびょう,こだいかっせい,ノーマル,"ムーンフォース, でんじは, たたりめ, いたみわけ","164, 0, 204, 0, 0, 140",ヘイラッシャ,こだわりハチマキ,いじっぱり,てんねん,フェアリー,"ウェーブタックル, じしん, ゆきなだれ, テラバースト","108, 156, 76, 0, 164, 4",キラフロル,カゴのみ,おだやか,どくげしょう,ひこう,"パワージェム, どくどく, ニードルガード, ねむる","252, 0, 4, 0, 252, 0"
258,ながいみのる,1950,バドレックス(こくば),こだわりスカーフ,おくびょう,じんばいったい,ゴースト,"アストラルビット, サイコショック, くさむすび, おにび","76, 0, 4, 252, 28, 148",カイリュー,ゴツゴツメット,いじっぱり,マルチスケイル,ノーマル,"しんそく, じしん, はねやすめ, りゅうのまい","164, 252, 0, 0, 0, 92",ディンルー,オボンのみ,わんぱく,わざわいのうつわ,どく,"カタストロフィ, ステルスロック, まきびし, ふきとばし","244, 4, 92, 0, 148, 20",ウーラオス(れんげき),こだわりハチマキ,いじっぱり,ふかしのこぶし,みず,"すいりゅうれんだ, インファイト, アイススピナー, アクアジェット","0, 252, 4, 0, 0, 252",キョジオーン,たべのこし,しんちょう,きよめのしお,くさ,"しおづけ, まもる, みがわり, じこさいせい","252, 0, 0, 0, 228, 28",トドロクツキ,ブーストエナジー,ようき,こだいかっせい,ひこう,"はたきおとす, アクロバット, ちょうはつ, りゅうのまい","36, 220, 0, 0, 0, 252"
275,Kurumi Wendy,1947,バドレックス(はくば),いかさまダイス,いじっぱり,じんばいったい,ほのお,"つららおとし, タネマシンガン, 10まんばりき, トリックルーム","252, 252, 4, 0, 0, 0",オーロンゲ,こうこうのしっぽ,しんちょう,いたずらごころ,ほのお,"イカサマ, ソウルクラッシュ, ちょうはつ, トリック","236, 0, 156, 0, 116, 0",ガチグマ(アカツキ),たべのこし,ずぶとい,しんがん,どく,"ブラッドムーン, だいちのちから, あくび, つきのひかり","252, 0, 76, 0, 180, 0",オオニューラ,きあいのタスキ,いじっぱり,かるわざ,こおり,"フェイタルクロー, インファイト, テラバースト, ねこだまし","0, 252, 0, 0, 0, 252",カイリュー,こだわりハチマキ,いじっぱり,マルチスケイル,ノーマル,"しんそく, げきりん, じしん, けたぐり","132, 252, 4, 0, 60, 60",ブリジュラス,オボンのみ,ずぶとい,じきゅうりょく,みず,"10まんボルト, ボディプレス, ほえる, ステルスロック","252, 0, 76, 0, 180, 0"
283,德・健・财,1945,テラパゴス(テラスタル),こだわりスカーフ,おくびょう,テラスシェル,ステラ,"テラクラスター, かえんほうしゃ, れいとうビーム, だいちのちから","4, 0, 0, 252, 0, 252",カイリュー,じゃくてんほけん,いじっぱり,マルチスケイル,じめん,"ほのおのうず, アンコール, じしん, アクアジェット","196, 148, 0, 0, 164, 0",ミミッキュ,いのちのたま,いじっぱり,ばけのかわ,ステラ,"じゃれつく, シャドークロー, かげうち, のろい","4, 252, 0, 0, 0, 252",ガチグマ,とつげきチョッキ,いじっぱり,こんじょう,フェアリー,"じしん, からげんき, れいとうパンチ, かみくだく","4, 252, 0, 0, 252, 0",ママンボウ,ゴツゴツメット,のんき,さいせいりょく,フェアリー,"クイックターン, アクアジェット, まもる, ねがいごと","124, 0, 252, 0, 132, 0",キラフロル,パワフルハーブ,ひかえめ,どくげしょう,じめん,"メテオビーム, パワージェム, アシッドボム, だいちのちから","100, 0, 4, 252, 4, 148"
298,すずめ,1941,ムゲンダイナ,こだわりメガネ,おくびょう,プレッシャー,ほのお,"ダイマックスほう, ヘドロウェーブ, かえんほうしゃ, シャドーボール","76, 0, 4, 252, 4, 172",ラッキー,しんかのきせき,ずぶとい,しぜんかいふく,ひこう,"ちきゅうなげ, ひかりのかべ, ステルスロック, いやしのねがい","252, 0, 252, 0, 4, 0",ヘイラッシャ,とつげきチョッキ,いじっぱり,てんねん,じめん,"ウェーブタックル, じしん, ゆきなだれ, ヘビーボンバー","236, 236, 0, 0, 36, 0",グライオン,どくどくだま,いじっぱり,ポイズンヒール,みず,"じしん, ダブルウイング, みがわり, つるぎのまい","212, 204, 4, 0, 20, 68",クレベース,イバンのみ,いじっぱり,がんじょう,ゴースト,"つららおとし, ボディプレス, じしん, ミラーコート","4, 252, 0, 0, 0, 252",アローラベトベトン,こだわりハチマキ,ゆうかん,どくしゅ,くさ,"どくづき, はたきおとす, かみなりパンチ, ドレインパンチ","244, 252, 0, 0, 12, 0"
361,Violet,1920,バドレックス(こくば),たべのこし,おくびょう,じんばいったい,ノーマル,"アストラルビット, まもる, みがわり, やどりぎのタネ","140, 0, 4, 100, 12, 252",カイリュー,ゴツゴツメット,いじっぱり,マルチスケイル,ノーマル,"しんそく, じしん, アンコール, はねやすめ","196, 204, 4, 0, 68, 36",キラフロル,きあいのタスキ,おくびょう,どくしゅ,フェアリー,"どくびし, マジカルシャイン, マッドショット, キラースピン","20, 0, 212, 20, 4, 252",ハバタクカミ,ブーストエナジー,おくびょう,こだいかっせい,フェアリー,"ムーンフォース, シャドーボール, めいそう, いたみわけ","4, 0, 0, 252, 0, 252",チオンジェン,いのちのたま,いじっぱり,わざわいのおふだ,でんき,"つららおとし, テラバースト, ふいうち, つるぎのまい","92, 236, 4, 0, 20, 156",ディンルー,マゴのみ,やんちゃ,わざわいのうつわ,はがね,"カタストロフィ, ステルスロック, まきびし, ふきとばし","252, 0, 36, 0, 220, 0"
365,夏の砂時計,1918,バドレックス(こくば),こだわりメガネ,おくびょう,じんばいったい,じめん,"アストラルビット, サイコキネシス, テラバースト, くさむすび","252, 0, 0, 252, 4, 0",ウーラオス(れんげき),きあいのタスキ,いじっぱり,ふかしのこぶし,はがね,"すいりゅうれんだ, アイススピナー, インファイト, アクアジェット","0, 252, 0, 0, 0, 252",ガチグマ(アカツキ),とつげきチョッキ,ひかえめ,しんがん,じめん,"ブラッドムーン, だいちのちから, ハイパーボイス, しんくうは","0, 0, 0, 252, 0, 0",ハバタクカミ,ブーストエナジー,おくびょう,こだいかっせい,でんき,"マジカルフレイム, ムーンフォース, あまえる, いたみわけ","116, 0, 252, 4, 4, 132",アーマーガア,オボンのみ,なまいき,ミラーアーマー,ノーマル,"とんぼがえり, アイアンヘッド, ちょうはつ, はねやすめ","252, 0, 4, 0, 252, 0",ヘイラッシャ,たべのこし,わんぱく,てんねん,ほのお,"ねむる, まもる, あくび, ウェーブタックル","252, 0, 252, 0, 0, 4"
375,スカーレット,1916,ガラルマタドガス,おんみつマント,ずぶとい,ふゆう,はがね,"おにび, ヘドロばくだん, いたみわけ, きりばらい","252, 0, 252, 0, 4, 0",ホウオウ,ゴツゴツメット,わんぱく,さいせいりょく,フェアリー,"せいなるほのお, おにび, ひかりのかべ, じこさいせい","252, 4, 220, 0, 12, 20",ヘイラッシャ,たべのこし,わんぱく,てんねん,ほのお,"じわれ, ウェーブタックル, まもる, ねむる","252, 0, 252, 0, 4, 0",ドオー,フィラのみ,しんちょう,ちょすい,でんき,"じこさいせい, じしん, どくどく, まもる","252, 0, 68, 0, 188, 0",アローラベトベトン,くろいヘドロ,しんちょう,どくしゅ,どく,"はたきおとす, どくづき, かげうち, まもる","252, 4, 0, 0, 252, 0",クレベース,あつぞこブーツ,わんぱく,がんじょう,でんき,"じこさいせい, ボディプレス, てっぺき, つららばり","252, 0, 252, 0, 4, 0"
392,daa,1913,テラパゴス(テラスタル),こだわりメガネ,ひかえめ,テラスシェル,ステラ,"テラクラスター, 10まんボルト, れいとうビーム, かえんほうしゃ","252, 0, 4, 252, 0, 0",ミミッキュ,ゴツゴツメット,いじっぱり,ばけのかわ,みず,"じゃれつく, かげうち, のろい, トリックルーム","148, 196, 164, 0, 0, 0",ウガツホムラ,ブーストエナジー,いじっぱり,こだいかっせい,じめん,"フレアドライブ, ワイドブレイカー, じしん, かみくだく","100, 76, 60, 0, 68, 204",イダイナキバ,イバンのみ,いじっぱり,こだいかっせい,ほのお,"じしん, アイススピナー, じゃれつく, こらえる","252, 236, 20, 0, 0, 0",ハバタクカミ,ラムのみ,おくびょう,こだいかっせい,じめん,"ドレインキッス, ちょうはつ, めいそう, テラバースト","108, 0, 4, 252, 4, 140",ハッサム,きあいのタスキ,いじっぱり,テクニシャン,あく,"はたきおとす, バレットパンチ, インファイト, カウンター","236, 252, 20, 0, 0, 0"
396,Sui,1913,ラグラージ,オボンのみ,のんき,げきりゅう,はがね,"じならし, クイックターン, はたきおとす, ステルスロック","252, 0, 20, 0, 236, 0",バドレックス(こくば),きあいのタスキ,おくびょう,じんばいったい,くさ,"アストラルビット, ギガドレイン, わるだくみ, アンコール","0, 0, 4, 252, 0, 252",カイリュー,いかさまダイス,いじっぱり,マルチスケイル,ノーマル,"スケイルショット, じしん, しんそく, りゅうのまい","132, 252, 4, 0, 28, 92",ウーラオス(れんげき),こだわりハチマキ,いじっぱり,ふかしのこぶし,みず,"すいりゅうれんだ, インファイト, とんぼがえり, アクアジェット","124, 236, 132, 0, 4, 12",パオジアン,くろいメガネ,いじっぱり,わざわいのつるぎ,ほのお,"つららおとし, ふいうち, こおりのつぶて, つるぎのまい","28, 252, 164, 0, 12, 52",ミミッキュ,ゴツゴツメット,いじっぱり,ばけのかわ,ステラ,"じゃれつく, かげうち, のろい, こらえる","164, 156, 180, 0, 4, 4"
398,カジ,1913,ミュウツー,とつげきチョッキ,ひかえめ,きんちょうかん,じめん,"サイコブレイク, れいとうビーム, だいちのちから, かえんほうしゃ","252, 0, 124, 116, 4, 12",カイリュー,こだわりハチマキ,いじっぱり,マルチスケイル,ノーマル,"げきりん, しんそく, じしん, からげんき","4, 252, 0, 0, 0, 252",カビゴン,たべのこし,しんちょう,めんえき,あく,"かみくだく, じわれ, あくび, まもる","172, 0, 100, 0, 236, 0",ウインディ,ゴツゴツメット,わんぱく,いかく,ノーマル,"フレアドライブ, しんそく, じゃれつく, あさのひざし","252, 4, 252, 0, 0, 0",テツノカイナ,オボンのみ,わんぱく,クォークチャージ,みず,"ドレインパンチ, じしん, れいとうパンチ, ボルトチェンジ","92, 4, 252, 0, 140, 20",ウーラオス(いちげき),きあいのタスキ,いじっぱり,ふかしのこぶし,あく,"あんこくきょうだ, インファイト, つるぎのまい, ふいうち","0, 252, 0, 0, 4, 252"
399,ルナ,1913,コライドン,いかさまダイス,いじっぱり,ひひいろのこどう,はがね,"スケイルショット, アイアンヘッド, つるぎのまい, みがわり","188, 212, 4, 0, 4, 100",ハバタクカミ,ブーストエナジー,おくびょう,こだいかっせい,ノーマル,"ムーンフォース, めいそう, あまえる, いたみわけ","100, 0, 252, 20, 4, 132",パオジアン,きあいのタスキ,ようき,わざわいのつるぎ,ゴースト,"つららおとし, せいなるつるぎ, サイコファング, ふいうち","0, 252, 4, 0, 0, 252",ガチグマ,とつげきチョッキ,ひかえめ,しんがん,ノーマル,"ブラッドムーン, だいちのちから, ハイパーボイス, しんくうは","100, 0, 4, 236, 164, 0",イーユイ,こだわりメガネ,ひかえめ,わざわいのたま,ほのお,"オーバーヒート, あくのはどう, かえんほうしゃ, サイコキネシス","228, 0, 12, 228, 36, 4",ランドロス(れいじゅう),こだわりハチマキ,いじっぱり,いかく,ほのお,"じしん, いわなだれ, とんぼがえり, じならし","116, 140, 4, 0, 236, 12"
401,こうちゃん,1912,ザシアン(けんのおう),くちたけん,いじっぱり,ふとうのけん,でんき,"きょじゅうざん, じゃれつく, テラバースト, みがわり","220, 236, 0, 0, 0, 52",カイリュー,こだわりハチマキ,いじっぱり,マルチスケイル,ノーマル,"しんそく, げきりん, じしん, アイススピナー","68, 252, 0, 0, 0, 188",ガチグマ(アカツキ),ゴツゴツメット,ずぶとい,しんがん,ほのお,"ブラッドムーン, だいちのちから, しんくうは, つきのひかり","252, 0, 244, 0, 0, 12",パオジアン,きあいのタスキ,いじっぱり,わざわいのつるぎ,あく,"かみくだく, つららおとし, ふいうち, つるぎのまい","0, 252, 4, 0, 0, 252",イーユイ,とつげきチョッキ,ひかえめ,わざわいのたま,ほのお,"かえんほうしゃ, あくのはどう, オーバーヒート, サイコキネシス","252, 0, 4, 196, 52, 4",ハバタクカミ,ブーストエナジー,おくびょう,こだいかっせい,どく,"ムーンフォース, めいそう, ちょうはつ, いたみわけ","164, 0, 164, 28, 4, 148"
405,オルテンシア,1911,テラパゴス(テラスタル),とつげきチョッキ,ひかえめ,テラスシェル,ステラ,"テラクラスター,かえんほうしゃ,れいとうビーム,あくのはどう","140, 0, 4, 252, 60, 52",ランドロス(れいじゅう),こだわりスカーフ,ようき,いかく,じめん,"じしん,とんぼがえり,いわなだれ,じわれ","54, 252, 0, 0, 0, 204",ウーラオス(れんげき),ちからのハチマキ,いじっぱり,ふかしのこぶし,どく,"すいりゅうれんだ,ドレインパンチ,ビルドアップ,みがわり","124, 134, 252, 0, 0, 0",ヘイラッシャ,ゴツゴツメット,わんぱく,てんねん,ほのお,"アクアブレイク,じしん,ゆきなだれ,ねむる","252, 0, 252, 0, 4, 0",ドオー,たべのこし,しんちょう,ちょすい,ほのお,"じしん,どくどく,じこさいせい,まもる","252, 0, 4, 0, 252, 0",オーガポン(いしずえ),いしずえのめん,いじっぱり,がんじょう,いわ,"ツタこんぼう,ウッドホーン,がんせきふうじ,アンコール","0, 252, 4, 0, 0, 252"
418,コバルト,1909,バドレックス(こくば),いのちのたま,おくびょう,じんばいったい,じめん,"アストラルビット, サイコショック, テラバースト, くさむすび","4, 0, 0, 252, 0, 252",パーモット,きあいのたすき,ようき,ちくでん,はがね,"でんこうそうげき, インファイト, ほっぺすりすり, さいきのいのり","0, 252, 36, 0, 0, 220",ウーラオス(れんげき),こだわりスカーフ,ようき,ふかしのこぶし,みず,"すいりゅうれんだ, インファイト, とんぼがえり, アクアジェット","0, 252, 4, 0, 0, 252",ヘイラッシャ,ゴツゴツメット,わんぱく,てんねん,フェアリー,"ゆきなだれ, あくび, まもる, ねむる","252, 0, 252, 0, 4, 0",ミミッキュ,ひかりのこな,おくびょう,ばけのかわ,ノーマル,"のろい, みがわり, いたみわけ, でんじは","0, 0, 252, 0, 4, 252",バンギラス,おぼんのみ,しんちょう,すなおこし,いわ,"はたきおとす, でんじは, ステルスロック, ほえる","252, 0, 212, 0, 36, 4"
433,ショウガ,1908,ハバタクカミ,ブーストエナジー,おくびょう,こだいかっせい,ノーマル,"ムーンフォース, ちょうはつ, あまえる, いたみわけ","196, 0, 252, 0, 0, 60",ムゲンダイナ,おんみつマント,おくびょう,プレッシャー,ほのお,"ヘドロばくだん, ほのおのうず, コスモパワー, じこさいせい","188, 0, 84, 0, 236, 0",ディンルー,タラプのみ,わんぱく,わざわいのうつわ,フェアリー,"じしん, テラバースト, ねむる, ねごと","244, 84, 116, 0, 0, 4",ポットデス,しろいハーブ,ずぶとい,のろわれボディ,みず,"アシストパワー, テラバースト, ちからをすいとる, からをやぶる","92, 0, 196, 0, 0, 220",イッカネズミ,こうかくレンズ,いじっぱり,テクニシャン,あく,"ネズミざん, かみつく, おかたづけ, アンコール","0, 252, 4, 0, 0, 252",パオジアン,きあいのタスキ,いじっぱり,わざわいのつるぎ,ステラ,"つららおとし, かみくだく, こおりのつぶて, つるぎのまい","0, 252, 4, 0, 0, 252"
434,atコ,1908,バドレックス(はくば),たべのこし,わんぱく,じんばいったい,みず,"ブリザードランス, みがわり, やどりぎのタネ, まもる","252, 4, 76, 0, 132, 44",ミミッキュ,こだわりスカーフ,ようき,ばけのかわ,くさ,"じゃれつく, のろい, トリック, みちづれ","4, 252, 0, 0, 0, 252",タケルライコ,こだわりメガネ,ひかえめ,こだいかっせい,ドラゴン,"りゅうせいぐん, ボルトチェンジ, りゅうのはどう, じんらい","52, 0, 252, 196, 4, 4",ウーラオス(れんげき),こだわりハチマキ,いじっぱり,ふかしのこぶし,ノーマル,"すいりゅうれんだ, インファイト, とんぼがえり, アクアジェット","0, 236, 228, 0, 0, 44",イーユイ,とつげきチョッキ,ひかえめ,わざわいのたま,ほのお,"オーバーヒート, あくのはどう, ふんえん, カタストロフィ","228, 0, 4, 196, 60, 20",ドオー,オボンのみ,しんちょう,ちょすい,ゴースト,"じしん, どくどく, ステルスロック, じこさいせい","252, 0, 4, 0, 252, 0"
445,AQ,1907,カイオーガ,たべのこし,ずぶとい,あめふらし,フェアリー,"なみのり, テラバースト, めいそう, まもる","252, 0, 244, 0, 0, 12",テツノワダチ,とつげきチョッキ,ようき,クォークチャージ,みず,"じしん, アイアンヘッド, ワイルドボルト, アイススピナー","76, 140, 4, 0, 188, 100",ウーラオス(れんげき),ゴツゴツメット,わんぱく,ふかしのこぶし,ノーマル,"みずしゅりけん, ドレインパンチ, アクアジェット, とんぼがえり","252, 44, 212, 0, 0, 0",パオジアン,きあいのタスキ,いじっぱり,わざわいのつるぎ,こおり,"つららおとし, ゆきなだれ, かわらわり, こおりのつぶて","0, 252, 4, 0, 0, 252",ゴリランダー,グラスシード,いじっぱり,グラスメイカー,ほのお,"グラススライダー, 10まんばりき, アクロバット, つるぎのまい","140, 116, 252, 0, 0, 0",ハバタクカミ,ブーストエナジー,おくびょう,こだいかっせい,ノーマル,"ムーンフォース, ちょうはつ, めいそう, いたみわけ","100, 0, 252, 4, 4, 148"
451,ヒサ,1906,バドレックス(こくば),ラムのみ,ひかえめ,じんばいったい,くさ,"アストラルビット, ギガドレイン, わるだくみ, こうそくいどう","172, 0, 252, 44, 4, 36",ウーラオス(れんげき),パンチグローブ,いじっぱり,ふかしのこぶし,みず,"すいりゅうれんだ, きあいパンチ, アクアジェット, みがわり","108, 236, 148, 0, 4, 12",オーガポン(かまど),かまどのめん,いじっぱり,かたやぶり,ほのお,"ツタこんぼう, ウッドホーン, つるぎのまい, くさわけ","236, 4, 84, 0, 4, 180",ランドロス(れいじゅう),とつげきチョッキ,ゆうかん,いかく,はがね,"じしん, かみくだく, とんぼがえり, かわらわり","244, 4, 4, 0, 252, 4",オーロンゲ,ひかりのねんど,しんちょう,いたずらごころ,ほのお,"ソウルクラッシュ, リフレクター, ひかりのかべ, ちょうはつ","244, 4, 84, 0, 164, 12",ブリジュラス,イバンのみ,ずぶとい,がんじょう,フェアリー,"りゅうせいぐん, ラスターカノン, ほえる, ステルスロック","44, 0, 116, 124, 4, 220"
471,カゼヲイタミ,1904,バドレックス(こくば),こだわりスカーフ,おくびょう,じんばいったい,かくとう,"アストラルビット, テラバースト, トリック, アンコール","28, 0, 100, 220, 12, 148",ランドロス(れいじゅう),こだわりハチマキ,いじっぱり,いかく,ひこう,"じしん, テラバースト, いわなだれ, とんぼがえり","0, 252, 0, 0, 0, 252",ポリゴン2,しんかのきせき,おだやか,トレース,フェアリー,"トライアタック, れいとうビーム, トリックルーム, じこさいせい","244, 0, 12, 0, 252, 0",ドヒドイデ,たべのこし,わんぱく,さいせいりょく,フェアリー,"どくどく, トーチカ, みがわり, じこさいせい","252, 0, 220, 0, 0, 36",ウーラオス(れんげき),きあいのタスキ,いじっぱり,ふかしのこぶし,ステラ,"すいりゅうれんだ, インファイト, アクアジェット, カウンター","0, 252, 4, 0, 0, 252",ヒードラン,オボンのみ,ずぶとい,ほのおのからだ,フェアリー,"マグマストーム, だいちのちから, おにび, ちょうはつ","252, 0, 188, 0, 68, 0"
473,すいぜい,1904,コライドン,オボンのみ,いじっぱり,ひひいろのこどう,じめん,"ドレインパンチ, ニトロチャージ, つるぎのまい, フレアドライブ","252, 116, 4, 0, 132, 4",ハバタクカミ,きあいのタスキ,おくびょう,こだいかっせい,ほのお,"ムーンフォース, いたシャドーボール, いたみわけ, ミストフィールド","4, 0, 0, 252, 0, 252",イーユイ,こだわりメガネ,ひかえめ,わざわいのたま,ゴースト,"オーバーヒート, あくのはどう, かえんほうしゃ, サイコキネシス","228, 0, 4, 228, 36, 12",ヘイラッシャ,ゴツゴツメット,わんぱく,てんねん,ノーマル,"じわれ, あくび, ゆきなだれ, ねむる","236, 0, 252, 0, 20, 0",ガチグマ,おんみつマント,ひかえめ,しんがん,どく,"しんくうは, めいそう, つきのひかり, ブラッドムーン","252, 0, 4, 116,132, 4",テツノカイナ,とつげきチョッキ,いじっぱり,クォークチャージ,フェアリー,"ドレインパンチ, れいとうパンチ, サンダーダイブ, ねこだまし","0, 252, 0, 0, 252, 4"
474,ゆんた。,1904,バドレックス(こくば),こだわりめがね,おくびょう,じんばいったい,フェアリー,"アストラルビット, サイコキネシス, テラバースト, リーフストーム","52, 0, 84, 60, 60, 252",ディンルー,オボンのみ,ずぶとい,わざわいのうつわ,はがね,"カタストロフィ, ステルスロック, まきびし, ふきとばし","36, 0, 220, 0, 252, 0",ゴリランダー,とつげきチョッキ,しんちょう,グラスメイカー,ノーマル,"グラススライダー, ドラムアタック, はたきおとす, とんぼがえり","252, 0, 4, 0, 252, 0",オーガポン(かまど),かまどのめん,わんぱく,かたやぶり,ほのお,"ツタこんぼう, ウッドホーン, つるぎのまい, ちょうはつ","252, 0, 236, 0, 0, 20",パオジアン,こだわりはちまき,いじっぱり,わざわいのつるぎ,あく,"つららおとし, かみくだく, ふいうち, こおりのつぶて","0, 252, 4, 0, 0, 252",ランドロス(れいじゅう),ゴツゴツメット,わんぱく,いかく,みず,"じしん, とんぼがえり, ステルスロック, こわいかお","252, 4, 252, 0, 0, 0"
477,ひあ,1903,ミライドン,とつげきチョッキ,ひかえめ,ハドロンエンジン,こおり,"イナズマドライブ, りゅうせいぐん, テラバースト, ボルトチェンジ","252, 0, 4, 116, 116, 20",ランドロス(れいじゅう),ゴツゴツメット,わんぱく,いかく,はがね,"じしん, とんぼがえり, ちょうはつ, ステルスロック","244, 4, 244, 0, 4, 12",オオニューラ,エレキシード,いじっぱり,かるわざ,ステラ,"フェイタルクロー, インファイト, シャドークロー, つるぎのまい","156, 116, 116, 0, 4, 116",ハッサム,こだわりハチマキ,いじっぱり,テクニシャン,ひこう,"バレットパンチ, とんぼがえり, インファイト, ダブルウイング","252, 252, 0, 0, 0, 4",パオジアン,きあいのタスキ,いじっぱり,わざわいのつるぎ,でんき,"つららおとし, ふいうち, テラバースト, つるぎのまい","0, 252, 4, 0, 0, 252",ハバタクカミ,ブーストエナジー,おくびょう,こだいかっせい,みず,"ムーンフォース, ちょうはつ, めいそう, いたみわけ","228, 0, 252, 4, 4, 20"
505,かに,1900,ムゲンダイナ,たべのこし,おだやか,プレッシャー,ほのお,"じこさいせい, どくびし, ヘドロばくだん, ほのおのうず","252, 0, 4, 0, 252, 0",グライオン,どくどくだま,わんぱく,ポイズンヒール,フェアリー,"まもる, みがわり, じしん, どくどく","228, 4, 116, 0, 20, 140",ヘイラッシャ,ゴツゴツメット,わんぱく,てんねん,フェアリー,"ねむる, ねごと, ウェーブタックル, じしん","252, 0, 252, 0, 4, 0",ラッキー,しんかのきせき,おだやか,しぜんかいふく,あく,"たまごうみ, めいそう, ちきゅうなげ, ステルスロック","4, 0, 252, 0, 252, 0",アローラベトベトン,くろいヘドロ,なまいき,どくしゅ,どく,"まもる, はたきおとす, どくづき, かげうち","252, 4, 0, 0, 252, 0",ガチグマ,おんみつマント,ずぶとい,しんがん,どく,"つきのひかり, めいそう, ハイパーボイス, だいちのちから","252, 0, 252, 0, 4, 0"
562,スカーレット,1889,コライドン,こだわりスカーフ,ようき,ひひいろのこどう,ほのお,"フレアドライブ, げきりん, インファイト, とんぼがえり","0, 252, 4, 0, 0, 252",ハバタクカミ,こだわりメガネ,おくびょう,こだいかっせい,ステラ,"ムーンフォース, シャドーボール, テラバースト, パワージェム","100, 0, 132, 132, 4, 140",ラグラージ,オボンのみ,ずぶとい,げきりゅう,あく,"クイックターン, はたきおとす, じしん, ステルスロック","252, 0, 20, 0, 236, 0",パオジアン,きあいのタスキ,ようき,わざわいのつるぎ,でんき,"つららおとし, ふいうち, テラバースト, つるぎのまい","0, 252, 4, 0, 0, 252",ガチグマ,ゴツゴツメット,ひかえめ,しんがん,どく,"ブラッドムーン, だいちのちから, めいそう, つきのひかり","252, 0, 244, 0, 0, 12",キョジオーン,たべのこし,わんぱく,きよめのしお,ゴースト,"しおづけ, まもる, のろい, じこさいせい","252, 0, 140, 0, 116, 0"
575,ななみ,1885,ザマゼンタ(たてのおう),くちたたて,わんぱく,ふくつのたて,みず,"こうそくいどう, てっぺき, ボディプレス, ヘビーボンバー","188, 4, 252, 0, 4, 60",ラティオス,こころのしずく,ひかえめ,ふゆう,はがね,"みがわり, みらいよち, りゅうせいぐん, ラスターパージ","12, 0, 4, 252, 4, 236",サーフゴー,たべのこし,ずぶとい,おうごんのからだ,ノーマル,"シャドーボール, ゴールドラッシュ, わるだくみ, みがわり","244, 0, 228, 4, 12, 20",エンテイ,こだわりハチマキ,いじっぱり,せいしんりょく,ノーマル,"しんそく, せいなるほのお, すてみタックル, じだんだ","4, 252, 4, 0, 220, 28",マスカーニャ,きあいのタスキ,いじっぱり,しんりょく,いわ,"はたきおとす, トリックフラワー, テラバースト, ふいうち","0, 252, 20, 0, 0, 236",ランドロス(けしん),こだわりスカーフ,ひかえめ,ちからずく,じめん,"だいちのちから, かみくだく, ヘドロウェーブ, サイコキネシス","4, 0, 0, 252, 0, 252"
579,しょー,1884,ザシアン(けんのおう),くちたけん,ようき,ふとうのけん,みず,"きょじゅうざん, じゃれつく, テラバースト, つるぎのまい","172, 156, 4, 0, 12, 164",カイリュー,こだわりハチマキ,いじっぱり,マルチスケイル,ノーマル,"しんそく, げきりん, ほのおのパンチ, じしん","4, 252, 0, 0, 0, 252",キョジオーン,たべのこし,わんぱく,きよめのしお,ゴースト,"しおづけ, のろい, まもる, じこさいせい","252, 4, 164, 0, 76, 12",オーガポン(かまど),かまどのめん,いじっぱり,かたやぶり,ほのお,"ツタこんぼう, パワーウィップ, はたきおとす, ちょうはつ","252, 84, 4, 0, 4, 164",ガチグマ(アカツキ),とつげきチョッキ,ひかえめ,しんがん,ノーマル,"ブラッドムーン, ハイパーボイス, だいちのちから, しんくうは","148, 0, 4, 204, 148, 4",ハバタクカミ,きあいのタスキ,おくびょう,こだいかっせい,ノーマル,"ムーンフォース, たたりめ, いたみわけ, でんじは","4, 0, 0, 252, 0, 252"
581,カイン,1884,カイオーガ,とつげきチョッキ,ひかえめ,あめふらし,でんき,"しおふき, なみのり, れいとうビーム, かみなり","244, 0, 36, 156, 12, 60",ランドロス(れいじゅう),こだわりスカーフ,いじっぱり,いかく,ひこう,"じしん, テラバースト, とんぼがえり, かみくだく","20, 252, 4, 0, 4, 228",ブリジュラス,オボンのみ,わんぱく,じきゅうりょく,どく,"ボディプレス, ヘビーボンバー, イカサマ, てっぺき","252, 0, 252, 0, 4, 0",キョジオーン,たべのこし,しんちょう,きよめのしお,くさ,"しおづけ, じこさいせい, まもる, のろい","252, 0, 20, 0, 236, 0",ハバタクカミ,ブーストエナジー,ずぶとい,こだいかっせい,ノーマル,"ムーンフォース, サイコショック, めいそう, いたみわけ","244, 0, 244, 4, 4, 12",パオジアン,きあいのタスキ,いじっぱり,わざわいのつるぎ,でんき,"つららおとし, テラバースト, こおりのつぶて, つるぎのまい","0, 252, 4, 0, 0, 252"
587,つゆだく,1883,ルナアーラ,たべのこし,ずぶとい,ファントムガード,どく,"めいそう, シャドーレイ, ムーンフォース, つきのひかり","228, 0, 236, 4, 4, 36",カイリュー,こだわりハチマキ,いじっぱり,マルチスケイル,ノーマル,"しんそく, じしん, けたぐり, げきりん","164, 252, 0, 0, 0, 92",ウーラオス(れんげき),こだわりスカーフ,いじっぱり,ふかしのこぶし,みず,"すいりゅうれんだ, インファイト, とんぼがえり, アイススピナー","0, 252, 4, 0, 0, 252",ディンルー,とつげきチョッキ,しんちょう,わざわいのうつわ,くさ,"じしん, しっぺがえし, テラバースト, カタストロフィ","4, 236, 0, 0, 252, 12",ガラルマタドガス,オボンのみ,ずぶとい,かがくへんかガス,ゴースト,"どくびし, ワンダースチーム, いたみわけ, どくどく","252, 0, 252, 0, 4, 0",オーガポン(かまど),かまどのめん,いじっぱり,かたやぶり,ほのお,"ツタこんぼう, はたきおとす, ウッドホーン, ちょうはつ","236, 220, 0, 0, 0, 44"
601,ダイオキシン,1882,ネクロズマ(たそがれ),じゃくてんほけん,ようき,プリズムアーマー,じめん,"フォトンゲイザー, じしん, あさのひざし, りゅうのまい","244, 28, 4, 0, 4, 228",マスカーニャ,きあいのタスキ,いじっぱり,しんりょく,くさ,"トリックフラワー, はたきおとす, どくびし, ふいうち","0, 252, 0, 0, 4, 252",キョジオーン,たべのこし,わんぱく,きよめのしお,くさ,"しおづけ, じこさいせい, まもる, みがわり","252, 0, 4, 0, 252, 0",アシレーヌ,とつげきチョッキ,ひかえめ,げきりゅう,フェアリー,"うたかたのアリア, ムーンフォース, シャドーボール, アクアジェット","252, 0, 0, 252, 4, 0",キラフロル,こだわりスカーフ,ひかえめ,どくげしょう,ステラ,"ヘドロウェーブ, パワージェム, だいちのちから, マジカルシャイン","4, 0, 0, 252, 0, 252",ハバタクカミ,ブーストエナジー,おくびょう,こだいかっせい,みず,"ムーンフォース, シャドーボール, マジカルフレイム, あまえる","244, 0, 124, 4, 4, 132"
613,あまとぅー。,1880,ハバタクカミ,ブーストエナジー,ずぶとい,こだいかっせい,みず,"ムーンフォース, ちょうはつ, めいそう, いたみわけ","244, 0, 244, 4, 4, 12",ルナアーラ,たべのこし,ひかえめ,ファントムガード,はがね,"シャドーレイ, れいとうビーム, コスモパワー, つきのひかり","228, 0, 140, 100, 20, 20",カイリュー,ゴツゴツメット,いじっぱり,マルチスケイル,ノーマル,"しんそく, じしん, ドラゴンテール, はねやすめ","244, 252, 4, 0, 4, 4",ガブリアス,こだわりスカーフ,いじっぱり,さめはだ,はがね,"じしん, げきりん, アイアンヘッド, かみくだく","28, 252, 4, 0, 4, 220",アシレーヌ,おんみつマント,れいせい,うるおいボイス,ノーマル,"ムーンフォース, サイコノイズ, クイックターン, アンコール","252, 4, 180, 60, 12, 0",ヒスイハリーセン,しんかのきせき,わんぱく,いかく,じめん,"どくばりセンボン, どくびし, いたみわけ, ちょうはつ","244, 0, 84, 0, 180, 0"
614,せいこりん,1880,ルカリオ,きあいのタスキ,いじっぱり,せいしんりょく,はがね,"インファイト, バレットパンチ, いのちがけ, カウンター","92, 236, 0, 0, 0, 180",ザシアン(けんのおう),くちたけん,いじっぱり,ふとうのけん,ノーマル,"きょじゅうざん, じゃれつく, インファイト, でんこうせっか","188, 236, 0, 0, 0, 84",カイリュー,いかさまダイス,いじっぱり,マルチスケイル,じめん,"スケイルショット, じしん, アンコール, りゅうのまい","0, 252, 0, 0, 0, 252",ガチグマ(アカツキ),オボンのみ,ひかえめ,しんがん,ほのお,"ブラッドムーン, だいちのちから, あくび, つきのひかり","252, 0, 88, 44, 100, 4",イーユイ,こだわりスカーフ,ひかえめ,わざわいのたま,ほのお,"オーバーヒート, あくのはどう, かえんほうしゃ, サイコキネシス","0, 0, 0, 252, 0, 252",パオジアン,いのちのたま,いじっぱり,わざわいのつるぎ,でんき,"つららおとし, ふいうち, テラバースト, つるぎのまい","0, 252, 0, 0, 0, 252"
641,ゆ,1877,ムゲンダイナ,ゴツゴツメット,おくびょう,プレッシャー,みず,"ダイマックスほう, かえんほうしゃ, じこさいせい, どくどく","76, 0, 252, 4, 4, 172",ハッサム,とつげきチョッキ,いじっぱり,テクニシャン,あく,"とんぼがえり, バレットパンチ, はたきおとす, インファイト","252, 20, 0, 0, 238, 0",パオジアン,こだわりハチマキ,ようき,わざわいのつるぎ,あく,"つららおとし, かみくだく, ふいうち, こおりのつぶて","0, 252, 126, 0, 0, 132",ハバタクカミ,きあいのタスキ,おくびょう,こだいかっせい,じめん,"ムーンフォース, シャドーボール, テラバースト, ほろびのうた","0, 0, 0, 252, 0, 252",チオンジェン,たべのこし,おだやか,わざわいのおふだ,フェアリー,"イカサマ, まもる, カタストロフィ, やどりぎのタネ","252, 0, 140, 0, 116, 0",ランドロス(れいじゅう),こだわりスカーフ,ようき,いかく,はがね,"じしん, いわなだれ, とんぼがえり, ステルスロック","0, 252, 4, 0, 0, 252"
649,テリオン,1876,ミライドン,とつげきチョッキ,ひかえめ,ハドロンエンジン,フェアリー,"イナズマドライブ, りゅうせいぐん, マジカルシャイン, ボルトチェンジ","172, 0, 28, 196, 36, 76",イイネイヌ,たべのこし,いじっぱり,ばんけん,ゴースト,"ドレインパンチ, どくづき, みがわり, のろい","108, 92, 100, 0, 204, 4",ドヒドイデ,ゴツゴツメット,ずぶとい,さいせいりょく,くさ,"トーチカ, どくびし, じこさいせい, くろいきり","252, 0, 252, 0, 4, 0",ディンルー,フィラのみ,しんちょう,わざわいのうつわ,フェアリー,"じしん, カタストロフィ, ステルスロック, ふきとばし","196, 4, 36, 0, 252, 20",アーマーガア,オボンのみ,なまいき,プレッシャー,あく,"アイアンヘッド, とんぼがえり, ちょうはつ, はねやすめ","52, 0, 4, 0, 252, 0",フワライド,エレキシード,ずぶとい,かるわざ,ノーマル,"シャドーボール, ちからをすいとる, ちいさくなる, バトンタッチ","0, 0, 244, 0, 164, 100"
651,はなみずき,1876,ザマゼンタ(たてのおう),くちたたて,わんぱく,ふくつのたて,みず,"みがわり, てっぺき, ボディプレス, ヘビーボンバー","188, 0, 156, 0, 0, 164",トドロクツキ,こだわりスカーフ,いじっぱり,こだいかっせい,じめん,"げきりん, はたきおとす, とんぼがえり, じしん","4, 252, 0, 0, 0, 252",テツノブジン,ブーストエナジー,むじゃき,クォークチャージ,はがね,"アンコール, ムーンフォース, れいとうパンチ, みちづれ","92, 4, 44, 220, 0, 148",ママンボウ,ゴツゴツメット,のんき,さいせいりょく,フェアリー,"ねがいごと, まもる, アクアジェット, クイックターン","244, 0, 252, 0, 12, 0",ガチグマ(アカツキ),とつげきチョッキ,ひかえめ,しんがん,どく,"ブラッドムーン, だいちのちから, ハイパーボイス, しんくうは","148, 0, 0, 196, 164, 0",カイリュー,いかさまダイス,いじっぱり,マルチスケイル,はがね,"りゅうのまい, スケイルショット, アイアンヘッド, アンコール","36, 252, 0, 0, 0, 220"
660,2だいめやほ,1876,バドレックス(こくば),こだわりスカーフ,おくびょう,じんばいったい,ノーマル,"アストラルビット, サイコキネシス, はかいこうせん, トリック","124, 0, 4, 188, 20, 172",ウーラオス(れんげき),きあいのタスキ,いじっぱり,ふかしのこぶし,ステラ,"すいりゅうれんだ, インファイト, アイススピナー, アクアジェット","0, 252, 4, 0, 0, 252",ディンルー,とつげきチョッキ,いじっぱり,わざわいのうつわ,フェアリー,"じしん, じわれ, カタストロフィ, テラバースト","4, 236, 4, 0, 236, 28",カイリュー,いかさまダイス,いじっぱり,マルチスケイル,ノーマル,"スケイルショット, しんそく, アイアンヘッド, りゅうのまい","196, 220, 0, 0, 0, 92",ウルガモス,あつぞこブーツ,おくびょう,ほのおのからだ,くさ,"ほのおのまい, おにび, ちょうのまい, あさのひざし","244, 0, 212, 4, 4, 44",ブリジュラス,イバンのみ,うっかりや,がんじょう,ひこう,"ヘビーボンバー, りゅうせいぐん, でんじは, ステルスロック","0, 0, 4, 252, 0, 252"
674,ライラ,1874,テラパゴス(テラスタル),たべのこし,ひかえめ,テラスシェル,ステラ,"テラクラスター, めいそう, まもる, ロックカット","172, 0, 0, 228, 0, 108",ミミッキュ,ゴツゴツメット,いじっぱり,ばけのかわ,じめん,"かげうち, じゃれつく, のろい, こらえる","224, 196, 84, 0, 0, 0",オーガポン(かまど),かまどのめん,いじっぱり,かたやぶり,ほのお,"ツタこんぼう, ウッドホーン, つるぎのまい, アンコール","156, 108, 156, 0, 4, 84",キラフロル,レッドカード,ずぶとい,どくげしょう,ゴースト,"キラースピン, パワージェム, ステルスロック, どくびし","252, 0, 252, 0, 4, 0",パオジアン,きあいのタスキ,ようき,わざわいのつるぎ,でんき,"つららおとし, テラバースト, こおりのつぶて, つるぎのまい","0, 252, 4, 0, 0, 252",ディンルー,オボンのみ,わんぱく,わざわいのうつわ,どく,"じしん, カタストロフィ, ステルスロック, ふきとばし","244, 0, 12, 0, 232, 16"
675,あやかな,1874,ネクロズマ(たそがれ),オボンのみ,ゆうかん,プリズムアーマー,みず,"メテオドライブ, フォトンゲイザー, つるぎのまい, トリックルーム","244, 252, 12, 0, 0, 0",カイリュー,こだわりハチマキ,いじっぱり,マルチスケイル,ノーマル,"げきりん, じしん, アイススピナー, しんそく","244, 252, 12, 0, 0, 0",ガチグマ(アカツキ),シルクのスカーフ,れいせい,しんがん,ノーマル,"ブラッドムーン, ハイパーボイス, だいちのちから, しんくうは","244, 0, 0, 252, 12, 0",イーユイ,こだわりメガネ,ひかえめ,わざわいのたま,あく,"オーバーヒート, あくのはどう, かえんほうしゃ, バークアウト","244, 0, 12, 252, 0, 0",ミミッキュ,ゴツゴツメット,わんぱく,ばけのかわ,ドラゴン,"じゃれつく, かげうち, トリックルーム, のろい","244, 28, 236, 0, 0, 0",ウーラオス(れんげき),きあいのタスキ,いじっぱり,ふかしのこぶし,みず,"すいりゅうれんだ, インファイト, アイススピナー, アクアジェット","0, 252, 4, 0, 0, 252"
677,サトシ,1874,バドレックス(こくば),ラムのみ,ひかえめ,じんばいったい,フェアリー,"アストラルビット, ドレインキッス, わるだくみ, こうそくいどう","124, 0, 180, 164, 4, 36",ママンボウ,ゴツゴツメット,のんき,さいせいりょく,どく,"クイックターン, こごえるかぜ, ねがいごと, まもる","244, 4, 252, 0, 4, 0",ヤミラミ,ひかりのねんど,しんちょう,いたずらごころ,ノーマル,"はたきおとす, リフレクター, ひかりのかべ, アンコール","252, 0, 0, 0, 132, 124",オーガポン(かまど),かまどのめん,いじっぱり,かたやぶり,ほのお,"ツタコンボウ, ウッドホーン, くさわけ, つるぎのまい","172, 172, 4, 0, 4, 156",ディンルー,オボンのみ,しんちょう,わざわいのうつわ,どく,"カタストロフィ, がんせきふうじ, ステルスロック, ふきとばし","244, 4, 60, 0, 188, 12",アローラベトベトン,イバンのみ,しんちょう,くいしんぼう,ノーマル,"はたきおとす, どくづき, おきみやげ, ちょうはつ","244, 0, 244, 0, 20, 0"
684,カミホ,1874,ミライドン,こだわりスカーフ,ひかえめ,ハドロンエンジン,フェアリー,"イナズマドライブ, りゅうせいぐん, ボルトチェンジ, マジカルシャイン","220, 0, 4, 252, 4, 28",ハッサム,こだわりハチマキ,いじっぱり,テクニシャン,ひこう,"バレットパンチ, ダブルウィング, とんぼがえり, はたきおとす","252, 252, 4, 0, 0, 0",ランドロス(れいじゅう),とつげきチョッキ,ゆうかん,いかく,はがね,"がんせきふうじ, じわれ, とんぼがえり, じしん","244, 12, 0, 0, 252, 0",ウーラオス(れんげき),きあいのタスキ,いじっぱり,ふかしのこぶし,ステラ,"インファイト, つるぎのまい, すいりゅうれんだ, アクアジェット","0, 252, 4, 0, 0, 252",ヒートロトム,たべのこし,ずぶとい,ふゆう,フェアリー,"おにび, イカサマ, ボルトチェンジ, いたみわけ","252, 0, 252, 0, 4, 0",テツノカイナ,オボンのみ,わんぱく,クォークチャージ,ほのお,"つるぎのまい, サンダーダイブ, ドレインパンチ, じしん","92, 4, 252, 0, 140, 20"
719,じごくもん,1871,カイオーガ,とつげきチョッキ,ひかえめ,あめふらし,でんき,"しおふき, なみのり, かみなり, れいとうビーム","252, 0, 76, 92, 12, 76",パオジアン,きあいのタスキ,ようき,わざわいのつるぎ,ゴースト,"つららおとし, ふいうち, サイコファング, つるぎのまい","0, 252, 4, 0, 0, 252",キョジオーン,たべのこし,わんぱく,きよめのしお,ゴースト,"しおづけ, のろい, まもる, じこさいせい","252, 0, 116, 0, 140, 0",カイリュー,いかさまダイス,いじっぱり,マルチスケイル,はがね,"スケイルショット, アイアンヘッド, しんそく, りゅうのまい","4, 252, 0, 0, 0, 252",ウーラオス(れんげき),こだわりスカーフ,いじっぱり,ふかしのこぶし,みず,"すいりゅうれんだ, インファイト, アクアジェット, とんぼがえり","4, 252, 0, 0, 0, 252",ハバタクカミ,こだわりメガネ,おくびょう,こだいかっせい,ステラ,"ムーンフォース, シャドーボール, パワージェム, テラバースト","148, 0, 100, 116, 4, 140"
727,たくや,1871,コライドン,こだわりハチマキ,いじっぱり,ひひいろのこどう,ほのお,"げきりん, インファイト, フレアドライブ, ニトロチャージ","92, 252, 12, 0, 52, 100",ハバタクカミ,こだわりメガネ,ひかえめ,こだいかっせい,ステラ,"ムーンフォース, シャドーボール, パワージェム, テラバースト","20, 0, 204, 252, 4, 28",オオニューラ,チイラのみ,ようき,かるわざ,かくとう,"フェイタルクロー, きしかいせい, はやてがえし, こらえる","108, 36, 164, 0, 44, 156",ディンルー,とつげきチョッキ,わんぱく,わざわいのうつわ,フェアリー,"じしん, しっぺがえし, ヘビーボンバー, じわれ","244, 4, 68, 0, 164, 28",カイリュー,ゴツゴツメット,ずぶとい,マルチスケイル,みず,"エアスラッシュ, でんじは, アンコール, はねやすめ","244, 0, 196, 12, 4, 52",サーフゴー,こだわりスカーフ,おくびょう,おうごんのからだ,ノーマル,"ゴールドラッシュ, シャドーボール, じこさいせい, トリック","212, 0, 20, 12, 12, 252"
755,かな,1869,バンギラス,さらさらいわ,しんちょう,すなおこし,ひこう,"はたきおとす, けたぐり, ステルスロック, ほえる","252, 0, 0, 0, 204, 52",ドリュウズ,いのちのたま,いじっぱり,すなかき,くさ,"じしん, アイアンヘッド, テラバースト, つるぎのまい","0, 252, 4, 0, 0, 252",コライドン,いかさまダイス,いじっぱり,ひひいろのこどう,ほのお,"スケイルショット, やけっぱち, みがわり, ビルドアップ","172, 212, 20, 0, 4, 100",ハバタクカミ,こだわりメガネ,おくびょう,こだいかっせい,ほのお,"ムーンフォース, シャドーボール, マジカルフレイム, パワージェム","4, 0, 0, 252, 0, 252",イーユイ,こだわりスカーフ,ひかえめ,こだいかっせい,ほのお,"かえんほうしゃ, オーバーヒート, あくのはどう, サイコキネシス","4, 0, 0, 252, 0, 252",ガチグマ(アカツキ),たべのこし,ひかえめ,しんがん,ほのお,"ブラッドムーン, だいちのちから, しんくうは, あくび","244, 0, 88, 172, 0, 4"
767,スミレ,1868,バドレックス(こくば),こだわりメガネ,おくびょう,じんばいったい,フェアリー,"アストラルビット, テラバースト, サイコショック, トリック","0, 0, 100, 156, 0, 252",パーモット,きあいのタスキ,ようき,ちくでん,ほのお,"インファイト, はたきおとす, ほっぺすりすり, さいきのいのり","0, 148, 108, 0, 0, 252",ミミッキュ,ゴツゴツメット,いじっぱり,ばけのかわ,ステラ,"じゃれつく, かげうち, のろい, こらえる","228, 236, 20, 0, 4, 20",カイリュー,こだわりハチマキ,いじっぱり,マルチスケイル,ノーマル,"しんそく, げきりん, じしん, からげんき","132, 252, 4, 0, 12, 108",ゴリランダー,グラスシード,いじっぱり,グラスメイカー,ほのお,"グラススライダー, アクロバット, 10まんばりき, つるぎのまい","140, 116, 252, 0, 0, 0",ガチグマ,たべのこし,ひかえめ,しんがん,どく,"ハイパーボイス, つきのひかり, めいそう, あくび","252, 0, 20, 36, 180, 20"
775,すんみ,1868,ザシアン(けんのおう),くちたけん,いじっぱり,ふとうのけん,みず,"きょじゅうざん, じゃれつく, くさわけ, テラバースト","252, 180, 68, 0, 4, 4",アシレーヌ,とつげきチョッキ,ひかえめ,うるおいボイス,ノーマル,"うたかたのアリア, ムーンフォース, シャドーボール, アクアジェット","252, 0, 0, 188, 68, 0",パオジアン,いのちのたま,ようき,わざわいのつるぎ,でんき,"つららおとし, テラバースト, ふいうち, つるぎのまい","0, 252, 4, 0, 0, 252",ウーラオス(いちげき),きあいのタスキ,いじっぱり,ふかしのこぶし,ステラ,"あんこくきょうだ, インファイト, ふいうち, ちょうはつ","0, 252, 4, 0, 0, 252",カイリュー,いかさまダイス,いじっぱり,マルチスケイル,じめん,"スケイルショット, じしん, しんそく, りゅうのまい","132, 252, 0, 0, 0, 124",ガチグマ(アカツキ),ゴツゴツメット,ずぶとい,しんがん,ほのお,"ブラッドムーン, だいちのちから, しんくうは, つきのひかり","252, 0, 244, 0, 0, 12"
814,ベイン,1867,ムゲンダイナ,ふうせん,ひかえめ,プレッシャー,ゴースト,"ダイマックスほう, ヘドロばくだん, どくびし, じこさいせい","0, 0, 228, 52, 0, 228",クレベース,あつぞこブーツ,わんぱく,がんじょう,みず,"つららばり, ボディプレス, てっぺき, じこさいせい","252, 4, 252, 0, 0, 0",ラッキー,しんかのきせき,おだやか,しぜんかいふく,じめん,"ちきゅうなげ, めいそう, ステルスロック, タマゴうみ","4, 0, 252, 0, 252, 0",ウネルミナモ,いのちのたま,おくびょう,こだいかっせい,はがね,"ハイドロスチーム, りゅうのはどう, テラバースト, みがわり","4, 0, 4, 244, 4, 252",アラブルタケ,たべのこし,しんちょう,こだいかっせい,どく,"かみくだく, クリアスモッグ, キノコのほうし, こうごうせい","252, 4, 0, 0, 252, 0",グライオン,どくどくだま,しんちょう,ポイズンヒール,はがね,"じしん, はたきおとす, つるぎのまい, まもる","228, 0, 84, 0, 132, 0"
817,ユキ,1867,エルフーン,オボンのみ,ひかえめ,すりぬけ,あく,"ムーンフォース, くさむすび, テラバースト, ちょうはつ","0, 0, 52, 252, 0, 204",モンメン,しんかのきせき,ずぶとい,いたずらごころ,みず,"やどりぎのタネ, みがわり, まもる, アンコール","252, 0, 244, 0, 12, 0",グライオン,どくどくだま,ようき,ポイズンヒール,はがね,"ちょうはつ,どくびし,みがわり,まもる","212,0,8,0,36,252",ホウオウ,たべのこし,しんちょう,さいせいりょく,でんき,"せいなるほのお, まもる, じこさいせい, ふきとばし","252, 0, 4, 0, 252, 0",ヘイラッシャ,ゴツゴツメット,わんぱく,てんねん,フェアリー,"ウェーブタックル, のしかかり, まもる, ねむる","252, 0, 252, 0, 0, 4",キラフロル,レッドカード,ずぶとい,どくげしょう,くさ,"パワージェム, マジカルシャイン, キラースピン, ステルスロック","252, 0, 252, 4, 0, 0"
836,バイオレット,1866,ハバタクカミ,ブーストエナジー,おくびょう,こだいかっせい,はがね,"こごえるかぜ, でんじは, ちょうはつ, おきみやげ","4, 0, 252, 0, 0, 252",ドーブル,きあいのタスキ,ようき,ムラっけ,くさ,"ちいさくなる, みがわり, ちょうはつ, バトンタッチ","4, 0, 252, 0, 0, 252",バドレックス(こくば),しろいハーブ,ようき,じんばいったい,フェアリー,"アシストパワー, ドレインキッス, みがわり, ちょうはつ","188, 0, 68, 0, 0, 252",ブリムオン,こうこうのしっぽ,なまいき,マジックミラー,じめん,"ほっぺすりすり, サイコフィールド, ミストバースト, トリック","228, 0, 156, 0, 124, 0",エルフーン,ゴツゴツメット,ひかえめ,いたずらごころ,ほのお,"ムーンフォース, テラバースト（ほのお）, グラスフィールド, おいかぜ","140, 0, 4, 252, 4, 108",テツノワダチ,とつげきチョッキ,ようき,クォークチャージ,くさ,"アイアンヘッド, じならし, テラバースト（くさ）, こうそくスピン","0, 252, 28, 0, 0, 228"
837,まぐね,1866,ザシアン(けんのおう),くちたけん,ゆうかん,ふとうのけん,でんき,"きょじゅうざん, じゃれつく, テラバースト, みがわり","188, 236, 0, 0, 0, 84",カイリュー,こだわりハチマキ,いじっぱり,マルチスケイル,ノーマル,"げきりん, じしん, アイススピナー, しんそく","4, 252, 0, 0, 0, 252",ランドロス(けしん),こだわりスカーフ,ひかえめ,ちからずく,くさ,"だいちのちから, ヘドロウェーブ, くさむすび, とんぼがえり","4, 0, 0, 252, 0, 252",アシレーヌ,とつげきチョッキ,ひかえめ,げきりゅう,みず,"うたかたのアリア, ムーンフォース, シャドーボール, アクアジェット","252, 0, 4, 188, 60, 4",ガチグマ(アカツキ),アッキのみ,ずぶとい,しんがん,ほのお,"ブラッドムーン, だいちのちから, めいそう, つきのひかり","252, 0, 172, 4, 68, 12",パオジアン,きあいのタスキ,ようき,わざわいのつるぎ,あく,"つららおとし, かみくだく, かわらわり, ふいうち","0, 252, 4, 0, 0, 252"
880,マゼンタ,1864,ザマゼンタ(たてのおう),くちたたて,わんぱく,ふくつのたて,みず,"みがわり, てっぺき, ボディプレス, ヘビーボンバー","188, 0, 156, 0, 0, 164",トドロクツキ,こだわりスカーフ,いじっぱり,こだいかっせい,じめん,"げきりん, はたきおとす, とんぼがえり, じしん","4, 252, 0, 0, 0, 252",テツノブジン,ブーストエナジー,むじゃき,クォークチャージ,はがね,"アンコール, ムーンフォース, れいとうパンチ, みちづれ","92, 4, 44, 220, 0, 148",ママンボウ,ゴツゴツメット,のんき,さいせいりょく,フェアリー,"ねがいごと, まもる, アクアジェット, クイックターン","244, 0, 252, 0, 12, 0",ガチグマ(アカツキ),とつげきチョッキ,ひかえめ,しんがん,どく,"ブラッドムーン, だいちのちから, ハイパーボイス, しんくうは","148, 0, 0, 196, 164, 0",カイリュー,いかさまダイス,いじっぱり,マルチスケイル,はがね,"りゅうのまい, スケイルショット, アイアンヘッド, アンコール","36, 252, 0, 0, 0, 220"
890,NONO,1863,テラパゴス(テラスタル),こだわりメガネ,ひかえめ,テラスシェル,ステラ,"テラクラスター, あくのはどう, だいちのちから, れいとうビーム","4, 0, 0, 252, 0, 252",ミミッキュ,ゴツゴツメット,いじっぱり,ばけのかわ,ノーマル,"じゃれつく, かげうち, こらえる, のろい","228, 252, 0, 0, 4, 4",ラティアス,きあいのタスキ,ひかえめ,ふゆう,フェアリー,"りゅうせいぐん, みわくのボイス, おいかぜ, いやしのねがい","0, 0, 60, 236, 0, 212",ウーラオス(いちげき),こだわりハチマキ,いじっぱり,ふかしのこぶし,あく,"あんこくきょうだ, インファイト, ふいうち, ドレインパンチ","0, 252, 0, 0, 4, 252",ハッサム,とつげきチョッキ,いじっぱり,テクニシャン,はがね,"バレットパンチ, はたきおとす, かわらわり, とんぼがえり","0, 252, 0, 0, 0, 252",マシマシラ,こだわりスカーフ,ひかえめ,おみとおし,ゴースト,"サイコノイズ, ヘドロばくだん, すてゼリフ, トリック","0, 0, 180, 76, 0, 252"
896,うみはる,1863,ランターン,オボンのみ,おだやか,ちくでん,はがね,"うずしお, かいでんぱ, ほうでん, れいとうビーム","68, 0, 0, 188, 252, 0",バドレックス(こくば),きあいのタスキ,おくびょう,じんばいったい,ステラ,"アストラルビット, サイコショック, くさむすび, アンコール","0, 0, 4, 252, 0, 252",ウーラオス(れんげき),こだわりハチマキ,いじっぱり,ふかしのこぶし,ノーマル,"すいりゅうれんだ, インファイト, からげんき, とんぼがえり","0, 236, 100, 0, 0, 172",ハッサム,ゴツゴツメット,いじっぱり,テクニシャン,ノーマル,"バレットパンチ, とんぼがえり, はたきおとす, きりばらい","236, 252, 0, 0, 20, 0",ランドロス(れいじゅう),とつげきチョッキ,なまいき,いかく,ノーマル,"じしん, かみくだく, くさむすび, とんぼがえり","244, 12, 0, 0, 252, 0",オニシズクモ,ばんのうがさ,しんちょう,すいほう,フェアリー,"アクアブレイク, がむしゃら, こわいかお, ねばねばネット","252, 0, 196, 0, 60, 0"
899,カノープス,1863,ランドロス(れいじゅう),こだわりハチマキ,いじっぱり,いかく,どく,"じしん, がんせきふうじ, とんぼがえり, ステルスロック","212, 116, 4, 0, 140, 36",ミライドン,いのちのたま,おくびょう,ハドロンエンジン,フェアリー,"イナズマドライブ, りゅうせいぐん, マジカルシャイン, まもる","4, 0, 4, 244, 4, 252",エンテイ,たべのこし,いじっぱり,プレッシャー,ノーマル,"せいなるほのお, しんそく, ストーンエッジ, まもる","164, 196, 60, 0, 84, 4",ドドゲザン,とつげきチョッキ,いじっぱり,まけんき,じめん,"ふいうち, アイアンヘッド, テラバースト, ハサミギロチン","252, 116, 4, 0, 116, 20",パオジアン,こだわりスカーフ,いじっぱり,わざわいのつるぎ,くさ,"つららおとし, かみくだく, サイコファング, テラバースト","156, 244, 4, 0, 4, 100",ヘイラッシャ,せんせいのツメ,のんき,てんねん,フェアリー,"ウェーブタックル, のろい, ねごと, ねむる","252, 28, 196, 0, 28, 0"
918,SV,1862,バドレックス(はくば),オボンのみ,ゆうかん,じんばいったい,でんき,"ブリザードランス, テラバースト, トリックルーム, やどりぎのたね","252, 148, 0, 0, 108, 0",ミミッキュ,ゴツゴツメット,いじっぱり,ばけのかわ,みず,"じゃれつく, かげうち, のろい, トリックルーム","228, 236, 44, 0, 0, 0",ウーラオス(れんげき),こだわりハチマキ,いじっぱり,ふかしのこぶし,みず,"すいりゅうれんだ, インファイト, アクアジェット, とんぼがえり","204, 252, 4, 0, 4, 44",ガチグマ,かえんだま,いじっぱり,こんじょう,みず,"からげんき, じしん, ちょうはつ, つるぎのまい","4, 252, 0, 0, 252, 0",ブリジュラス,パワフルハーブ,おくびょう,がんじょう,ステラ,"ラスターカノン, りゅうせいぐん, エレクトロビーム, メテオビーム","4, 0, 0, 252, 0, 252",ハバタクカミ,ブーストエナジー,おくびょう,こだいかっせい,どく,"ムーンフォース, ちょうはつ, いたみわけ, めいそう","4, 0, 252, 0, 0, 252"
926,あいくま,1861,バドレックス(こくば),こだわりメガネ,おくびょう,じんばいったい,フェアリー,"アストラルビット, サイコキネシス, リーフストーム, テラバースト","124, 0, 4, 124, 4, 252",ウーラオス(れんげき),こだわりハチマキ,いじっぱり,ふかしのこぶし,ステラ,"すいりゅうれんだ, インファイト, アクアジェット, アイススピナー","108, 236, 116, 0, 4, 44",カイリュー,いかさまダイス,ようき,せいしんりょく,はがね,"スケイルショット, しんそく, アイアンヘッド, りゅうのまい","4, 252, 0, 0, 0, 252",ランドロス(れいじゅう),ゴツゴツメット,のんき,いかく,ほのお,"じしん, がんせきふうじ, とんぼがえり, ステルスロック","252, 0, 252, 0, 4, 0",ラグラージ,とつげきチョッキ,なまいき,げきりゅう,あく,"クイックターン, じしん, はたきおとす, ミラーコート","252, 0, 4, 0, 252, 0",オーガポン(かまど),かまどのめん,いじっぱり,かたやぶり,ほのお,"ツタこんぼう, ウッドホーン, でんこうせっか, つるぎのまい","252, 228, 4, 0, 4, 20"
940,PriDe/oll,1860,テラパゴス(テラスタル),たべのこし,ひかえめ,テラスシェル,ステラ,"テラクラスター, まもる, めいそう, みがわり","180, 0, 180, 20, 12, 116",ガラルマタドガス,ふうせん,ずぶとい,かがくへんかガス,どく,"ワンダースチーム, いたみわけ, おにび, どくびし","252, 0, 236, 0, 20, 0",ミミッキュ,ゴツゴツメット,わんぱく,ばけのかわ,みず,"じゃれつく, かげうち, こらえる, のろい","244, 20, 236, 0, 4, 4",ディンルー,オボンのみ,しんちょう,わざわいのうつわ,どく,"カタストロフィ, ステルスロック, まきびし, ふきとばし","244, 4, 68, 0, 188, 4",カイリュー,あつぞこブーツ,いじっぱり,マルチスケイル,ノーマル,"しんそく, じしん, りゅうのまい, はねやすめ","244, 180, 4, 0, 60, 20",ハバタクカミ,きあいのタスキ,おくびょう,こだいかっせい,ゴースト,"ムーンフォース, たたりめ, でんじは, ほろびのうた","4, 0, 0, 252, 0, 252"
959,いくまろ,1859,バドレックス(こくば),こだわりメガネ,おくびょう,じんばいったい,フェアリー,"アストラルビット, サイコキネシス, サイコショック, テラバースト","124, 0, 4, 124, 4, 252",キョジオーン,たべのこし,わんぱく,きよめのしお,ほのお,"しおづけ, ボディプレス, てっぺき, じこさいせい","252,0,252,0,0,4",ウーラオス(れんげき),こだわりハチマキ,いじっぱり,ふかしのこぶし,ノーマル,"すいりゅうれんだ,インファイト,アクアジェット,とんぼがえり","156,244,100,0,4,4",カイリュー,いかさまダイス,いじっぱり,マルチスケイル,じめん,"スケイルショット, じしん, しんそく, りゅうのまい","0, 252, 4, 0, 0, 252",ゴリランダー,とつげきチョッキ,いじっぱり,グラスメイカー,ノーマル,"ドラムアタック, はたきおとす, グラススライダー, とんぼがえり","132, 116, 4, 0, 252, 4",パオジアン,きあいのタスキ,いじっぱり,わざわいのつるぎ,でんき,"つららおとし, テラバースト, ふいうち, つるぎのまい","0, 252, 4, 0, 0, 252"
963,れんぴょろ,1859,ギラティナ(オリジン),だいはっきんだま,れいせい,ふゆう,ゴースト,"ポルターガイスト, かげうち, シャドーボール, りゅうせいぐん","0, 252, 0, 252, 4, 0",バンギラス,とつげきチョッキ,いじっぱり,すなおこし,ほのお,"はたきおとす, がんせきふうじ, アイアンヘッド, ほのおのパンチ","252, 124, 0, 0, 134, 0",ハッサム,こだわりハチマキ,いじっぱり,テクニシャン,かくとう,"バレットパンチ, とんぼがえり, ダブルウイング, インファイト","252, 252, 4, 0, 0, 0",ランドロス(れいじゅう),こだわりスカーフ,ようき,いかく,ひこう,"じしん, とんぼがえり, じわれ, テラバースト","4, 252, 0, 0, 0, 252",ウーラオス(れんげき),ゴツゴツメット,いじっぱり,ふかしのこぶし,みず,"すいりゅうれんだ, ドレインパンチ, みがわり, つるぎのまい","204, 132, 116, 0, 52, 4",ハバタクカミ,きあいのタスキ,おくびょう,こだいかっせい,じめん,"ムーンフォース, シャドーボール, テラバースト, いたみわけ","4, 0, 0, 252, 0, 252"
